success,part,n_qubits,seed,t,rank,nullity,nullity_ratio,t_density
true,"nullity_convergence",4,1554330272,4,4,0,0.000000,1.0000
true,"nullity_convergence",4,3493485574,4,3,1,0.250000,1.0000
true,"nullity_convergence",4,1650152988,4,3,1,0.250000,1.0000
true,"nullity_convergence",4,1321997506,4,3,1,0.250000,1.0000
true,"nullity_convergence",4,849002320,4,3,1,0.250000,1.0000
true,"nullity_convergence",4,1079165959,4,3,1,0.250000,1.0000
true,"nullity_convergence",4,2716384120,4,3,1,0.250000,1.0000
true,"nullity_convergence",4,2391360850,4,1,3,0.750000,1.0000
true,"nullity_convergence",4,2414335003,4,3,1,0.250000,1.0000
true,"nullity_convergence",4,791505961,4,4,0,0.000000,1.0000
true,"nullity_convergence",4,3768536432,4,4,0,0.000000,1.0000
true,"nullity_convergence",4,1943686406,4,4,0,0.000000,1.0000
true,"nullity_convergence",4,836911922,4,3,1,0.250000,1.0000
true,"nullity_convergence",4,568078568,4,3,1,0.250000,1.0000
true,"nullity_convergence",4,3526522241,4,3,1,0.250000,1.0000
true,"nullity_convergence",4,1656449388,4,3,1,0.250000,1.0000
true,"nullity_convergence",4,2146984861,4,4,0,0.000000,1.0000
true,"nullity_convergence",4,1405588240,4,3,1,0.250000,1.0000
true,"nullity_convergence",4,2632002736,4,4,0,0.000000,1.0000
true,"nullity_convergence",4,1515106997,4,3,1,0.250000,1.0000
true,"nullity_convergence",4,636780871,4,4,0,0.000000,1.0000
true,"nullity_convergence",4,68091881,4,4,0,0.000000,1.0000
true,"nullity_convergence",4,595861347,4,3,1,0.250000,1.0000
true,"nullity_convergence",4,3057855300,4,2,2,0.500000,1.0000
true,"nullity_convergence",4,2717850025,4,2,2,0.500000,1.0000
true,"nullity_convergence",4,1167336883,4,4,0,0.000000,1.0000
true,"nullity_convergence",4,431606011,4,4,0,0.000000,1.0000
true,"nullity_convergence",4,1149687878,4,3,1,0.250000,1.0000
true,"nullity_convergence",4,2230250602,4,4,0,0.000000,1.0000
true,"nullity_convergence",4,915335403,4,3,1,0.250000,1.0000
true,"nullity_convergence",4,2088384056,4,3,1,0.250000,1.0000
true,"nullity_convergence",4,3267063051,4,3,1,0.250000,1.0000
true,"nullity_convergence",4,2693933789,4,3,1,0.250000,1.0000
true,"nullity_convergence",4,3884665526,4,3,1,0.250000,1.0000
true,"nullity_convergence",4,1822490916,4,3,1,0.250000,1.0000
true,"nullity_convergence",4,4123787858,4,3,1,0.250000,1.0000
true,"nullity_convergence",4,3042247138,4,3,1,0.250000,1.0000
true,"nullity_convergence",4,4115773894,4,4,0,0.000000,1.0000
true,"nullity_convergence",4,512096250,4,3,1,0.250000,1.0000
true,"nullity_convergence",4,3075533744,4,4,0,0.000000,1.0000
true,"nullity_convergence",4,661963598,4,3,1,0.250000,1.0000
true,"nullity_convergence",4,3713651944,4,4,0,0.000000,1.0000
true,"nullity_convergence",4,3246463095,4,3,1,0.250000,1.0000
true,"nullity_convergence",4,1309538445,4,4,0,0.000000,1.0000
true,"nullity_convergence",4,2572291247,4,3,1,0.250000,1.0000
true,"nullity_convergence",4,863420495,4,3,1,0.250000,1.0000
true,"nullity_convergence",4,2008523110,4,3,1,0.250000,1.0000
true,"nullity_convergence",4,2843992596,4,3,1,0.250000,1.0000
true,"nullity_convergence",4,4053997157,4,3,1,0.250000,1.0000
true,"nullity_convergence",4,1830765286,4,4,0,0.000000,1.0000
true,"nullity_convergence",4,32865114,4,3,1,0.250000,1.0000
true,"nullity_convergence",4,2661771649,4,3,1,0.250000,1.0000
true,"nullity_convergence",4,3240328743,4,2,2,0.500000,1.0000
true,"nullity_convergence",4,3685041612,4,2,2,0.500000,1.0000
true,"nullity_convergence",4,1009862183,4,3,1,0.250000,1.0000
true,"nullity_convergence",4,4168532259,4,4,0,0.000000,1.0000
true,"nullity_convergence",4,2895306059,4,3,1,0.250000,1.0000
true,"nullity_convergence",4,1211496649,4,3,1,0.250000,1.0000
true,"nullity_convergence",4,4024208229,4,3,1,0.250000,1.0000
true,"nullity_convergence",4,566791176,4,3,1,0.250000,1.0000
true,"nullity_convergence",4,1594207369,4,4,0,0.000000,1.0000
true,"nullity_convergence",4,1181323449,4,3,1,0.250000,1.0000
true,"nullity_convergence",4,3558305334,4,2,2,0.500000,1.0000
true,"nullity_convergence",4,81981188,4,4,0,0.000000,1.0000
true,"nullity_convergence",4,543835674,4,4,0,0.000000,1.0000
true,"nullity_convergence",4,4202895078,4,4,0,0.000000,1.0000
true,"nullity_convergence",4,3392417140,4,4,0,0.000000,1.0000
true,"nullity_convergence",4,2456496792,4,3,1,0.250000,1.0000
true,"nullity_convergence",4,2295114622,4,4,0,0.000000,1.0000
true,"nullity_convergence",4,3037184023,4,3,1,0.250000,1.0000
true,"nullity_convergence",4,2575381544,4,3,1,0.250000,1.0000
true,"nullity_convergence",4,117056430,4,3,1,0.250000,1.0000
true,"nullity_convergence",4,3823950993,4,3,1,0.250000,1.0000
true,"nullity_convergence",4,1688915856,4,4,0,0.000000,1.0000
true,"nullity_convergence",4,3538780383,4,3,1,0.250000,1.0000
true,"nullity_convergence",4,1934420355,4,4,0,0.000000,1.0000
true,"nullity_convergence",4,2073107493,4,3,1,0.250000,1.0000
true,"nullity_convergence",4,652581975,4,2,2,0.500000,1.0000
true,"nullity_convergence",4,1098578251,4,4,0,0.000000,1.0000
true,"nullity_convergence",4,2859939643,4,3,1,0.250000,1.0000
true,"nullity_convergence",4,3899177291,4,3,1,0.250000,1.0000
true,"nullity_convergence",4,4122166437,4,2,2,0.500000,1.0000
true,"nullity_convergence",4,3169953132,4,3,1,0.250000,1.0000
true,"nullity_convergence",4,247800433,4,4,0,0.000000,1.0000
true,"nullity_convergence",4,2805615667,4,4,0,0.000000,1.0000
true,"nullity_convergence",4,3876160805,4,3,1,0.250000,1.0000
true,"nullity_convergence",4,155602209,4,3,1,0.250000,1.0000
true,"nullity_convergence",4,849814157,4,4,0,0.000000,1.0000
true,"nullity_convergence",4,1438074887,4,3,1,0.250000,1.0000
true,"nullity_convergence",4,711331961,4,3,1,0.250000,1.0000
true,"nullity_convergence",4,2658320041,4,3,1,0.250000,1.0000
true,"nullity_convergence",4,981782488,4,3,1,0.250000,1.0000
true,"nullity_convergence",4,1240157254,4,3,1,0.250000,1.0000
true,"nullity_convergence",4,1265518030,4,4,0,0.000000,1.0000
true,"nullity_convergence",4,1146477053,4,3,1,0.250000,1.0000
true,"nullity_convergence",4,936270066,4,3,1,0.250000,1.0000
true,"nullity_convergence",4,3001633629,4,4,0,0.000000,1.0000
true,"nullity_convergence",4,1353200282,4,2,2,0.500000,1.0000
true,"nullity_convergence",4,3349789693,4,4,0,0.000000,1.0000
true,"nullity_convergence",4,2936819813,4,4,0,0.000000,1.0000
true,"nullity_convergence",8,2204071074,8,8,0,0.000000,1.0000
true,"nullity_convergence",8,149651566,8,6,2,0.250000,1.0000
true,"nullity_convergence",8,3360033053,8,7,1,0.125000,1.0000
true,"nullity_convergence",8,4253375601,8,6,2,0.250000,1.0000
true,"nullity_convergence",8,2562973400,8,8,0,0.000000,1.0000
true,"nullity_convergence",8,144701039,8,6,2,0.250000,1.0000
true,"nullity_convergence",8,3910268796,8,7,1,0.125000,1.0000
true,"nullity_convergence",8,1685515775,8,6,2,0.250000,1.0000
true,"nullity_convergence",8,2609327293,8,8,0,0.000000,1.0000
true,"nullity_convergence",8,380483697,8,8,0,0.000000,1.0000
true,"nullity_convergence",8,2621265889,8,8,0,0.000000,1.0000
true,"nullity_convergence",8,4011622615,8,7,1,0.125000,1.0000
true,"nullity_convergence",8,372384741,8,7,1,0.125000,1.0000
true,"nullity_convergence",8,3703887870,8,7,1,0.125000,1.0000
true,"nullity_convergence",8,3770574820,8,7,1,0.125000,1.0000
true,"nullity_convergence",8,3427666517,8,6,2,0.250000,1.0000
true,"nullity_convergence",8,252915875,8,6,2,0.250000,1.0000
true,"nullity_convergence",8,3656247673,8,7,1,0.125000,1.0000
true,"nullity_convergence",8,1389644379,8,8,0,0.000000,1.0000
true,"nullity_convergence",8,3669197892,8,7,1,0.125000,1.0000
true,"nullity_convergence",8,3454040400,8,7,1,0.125000,1.0000
true,"nullity_convergence",8,328222685,8,8,0,0.000000,1.0000
true,"nullity_convergence",8,3148823387,8,8,0,0.000000,1.0000
true,"nullity_convergence",8,1010834356,8,8,0,0.000000,1.0000
true,"nullity_convergence",8,1234614839,8,7,1,0.125000,1.0000
true,"nullity_convergence",8,3372182417,8,7,1,0.125000,1.0000
true,"nullity_convergence",8,574796925,8,7,1,0.125000,1.0000
true,"nullity_convergence",8,3718703803,8,7,1,0.125000,1.0000
true,"nullity_convergence",8,2234538681,8,7,1,0.125000,1.0000
true,"nullity_convergence",8,1261279705,8,7,1,0.125000,1.0000
true,"nullity_convergence",8,3535018546,8,8,0,0.000000,1.0000
true,"nullity_convergence",8,39803090,8,7,1,0.125000,1.0000
true,"nullity_convergence",8,507319411,8,7,1,0.125000,1.0000
true,"nullity_convergence",8,931216955,8,8,0,0.000000,1.0000
true,"nullity_convergence",8,1917883050,8,8,0,0.000000,1.0000
true,"nullity_convergence",8,1629081513,8,7,1,0.125000,1.0000
true,"nullity_convergence",8,1706796528,8,8,0,0.000000,1.0000
true,"nullity_convergence",8,174068918,8,8,0,0.000000,1.0000
true,"nullity_convergence",8,1941792966,8,8,0,0.000000,1.0000
true,"nullity_convergence",8,990538770,8,7,1,0.125000,1.0000
true,"nullity_convergence",8,707797538,8,6,2,0.250000,1.0000
true,"nullity_convergence",8,452922435,8,7,1,0.125000,1.0000
true,"nullity_convergence",8,3152811736,8,8,0,0.000000,1.0000
true,"nullity_convergence",8,1429899456,8,7,1,0.125000,1.0000
true,"nullity_convergence",8,23288943,8,7,1,0.125000,1.0000
true,"nullity_convergence",8,2469482353,8,7,1,0.125000,1.0000
true,"nullity_convergence",8,3448685199,8,6,2,0.250000,1.0000
true,"nullity_convergence",8,1586257240,8,8,0,0.000000,1.0000
true,"nullity_convergence",8,4227193741,8,7,1,0.125000,1.0000
true,"nullity_convergence",8,3469088188,8,6,2,0.250000,1.0000
true,"nullity_convergence",8,3081645097,8,6,2,0.250000,1.0000
true,"nullity_convergence",8,98149222,8,5,3,0.375000,1.0000
true,"nullity_convergence",8,4040250760,8,7,1,0.125000,1.0000
true,"nullity_convergence",8,7404376,8,7,1,0.125000,1.0000
true,"nullity_convergence",8,3884806066,8,6,2,0.250000,1.0000
true,"nullity_convergence",8,1189577830,8,8,0,0.000000,1.0000
true,"nullity_convergence",8,2375496277,8,8,0,0.000000,1.0000
true,"nullity_convergence",8,3775385029,8,7,1,0.125000,1.0000
true,"nullity_convergence",8,3262333631,8,7,1,0.125000,1.0000
true,"nullity_convergence",8,90909166,8,6,2,0.250000,1.0000
true,"nullity_convergence",8,1621651187,8,7,1,0.125000,1.0000
true,"nullity_convergence",8,2544453097,8,8,0,0.000000,1.0000
true,"nullity_convergence",8,299030187,8,7,1,0.125000,1.0000
true,"nullity_convergence",8,1194335946,8,8,0,0.000000,1.0000
true,"nullity_convergence",8,524947335,8,6,2,0.250000,1.0000
true,"nullity_convergence",8,2526141454,8,7,1,0.125000,1.0000
true,"nullity_convergence",8,4270447970,8,7,1,0.125000,1.0000
true,"nullity_convergence",8,2250339446,8,7,1,0.125000,1.0000
true,"nullity_convergence",8,2735252109,8,6,2,0.250000,1.0000
true,"nullity_convergence",8,1061223235,8,7,1,0.125000,1.0000
true,"nullity_convergence",8,1626485924,8,8,0,0.000000,1.0000
true,"nullity_convergence",8,3192771799,8,7,1,0.125000,1.0000
true,"nullity_convergence",8,707514849,8,8,0,0.000000,1.0000
true,"nullity_convergence",8,3610129824,8,8,0,0.000000,1.0000
true,"nullity_convergence",8,902012660,8,7,1,0.125000,1.0000
true,"nullity_convergence",8,988952337,8,8,0,0.000000,1.0000
true,"nullity_convergence",8,1475372254,8,7,1,0.125000,1.0000
true,"nullity_convergence",8,3959114462,8,7,1,0.125000,1.0000
true,"nullity_convergence",8,457943642,8,8,0,0.000000,1.0000
true,"nullity_convergence",8,1801676497,8,6,2,0.250000,1.0000
true,"nullity_convergence",8,974554951,8,7,1,0.125000,1.0000
true,"nullity_convergence",8,1526649656,8,6,2,0.250000,1.0000
true,"nullity_convergence",8,2016937730,8,7,1,0.125000,1.0000
true,"nullity_convergence",8,2862400419,8,7,1,0.125000,1.0000
true,"nullity_convergence",8,1322227219,8,8,0,0.000000,1.0000
true,"nullity_convergence",8,888213551,8,6,2,0.250000,1.0000
true,"nullity_convergence",8,925484319,8,7,1,0.125000,1.0000
true,"nullity_convergence",8,3537926838,8,8,0,0.000000,1.0000
true,"nullity_convergence",8,69622693,8,7,1,0.125000,1.0000
true,"nullity_convergence",8,2689875218,8,8,0,0.000000,1.0000
true,"nullity_convergence",8,1640204721,8,6,2,0.250000,1.0000
true,"nullity_convergence",8,3296597208,8,8,0,0.000000,1.0000
true,"nullity_convergence",8,95742889,8,8,0,0.000000,1.0000
true,"nullity_convergence",8,1379126548,8,6,2,0.250000,1.0000
true,"nullity_convergence",8,2993634072,8,6,2,0.250000,1.0000
true,"nullity_convergence",8,3820627509,8,7,1,0.125000,1.0000
true,"nullity_convergence",8,3323040642,8,6,2,0.250000,1.0000
true,"nullity_convergence",8,858059184,8,7,1,0.125000,1.0000
true,"nullity_convergence",8,2881647846,8,8,0,0.000000,1.0000
true,"nullity_convergence",8,218394843,8,6,2,0.250000,1.0000
true,"nullity_convergence",12,4187437310,12,12,0,0.000000,1.0000
true,"nullity_convergence",12,3158023618,12,11,1,0.083333,1.0000
true,"nullity_convergence",12,3072596356,12,11,1,0.083333,1.0000
true,"nullity_convergence",12,4038574666,12,11,1,0.083333,1.0000
true,"nullity_convergence",12,1613107016,12,12,0,0.000000,1.0000
true,"nullity_convergence",12,432286270,12,11,1,0.083333,1.0000
true,"nullity_convergence",12,607510451,12,11,1,0.083333,1.0000
true,"nullity_convergence",12,3163112270,12,10,2,0.166667,1.0000
true,"nullity_convergence",12,2137698345,12,11,1,0.083333,1.0000
true,"nullity_convergence",12,3772339623,12,12,0,0.000000,1.0000
true,"nullity_convergence",12,4126091348,12,11,1,0.083333,1.0000
true,"nullity_convergence",12,389907527,12,10,2,0.166667,1.0000
true,"nullity_convergence",12,2925575845,12,11,1,0.083333,1.0000
true,"nullity_convergence",12,2704383179,12,11,1,0.083333,1.0000
true,"nullity_convergence",12,1305213531,12,10,2,0.166667,1.0000
true,"nullity_convergence",12,1319613513,12,11,1,0.083333,1.0000
true,"nullity_convergence",12,2390681421,12,12,0,0.000000,1.0000
true,"nullity_convergence",12,2918086139,12,11,1,0.083333,1.0000
true,"nullity_convergence",12,1359224506,12,10,2,0.166667,1.0000
true,"nullity_convergence",12,935471831,12,11,1,0.083333,1.0000
true,"nullity_convergence",12,1172695401,12,12,0,0.000000,1.0000
true,"nullity_convergence",12,3356003017,12,11,1,0.083333,1.0000
true,"nullity_convergence",12,3080936145,12,12,0,0.000000,1.0000
true,"nullity_convergence",12,3932372677,12,11,1,0.083333,1.0000
true,"nullity_convergence",12,2257494259,12,12,0,0.000000,1.0000
true,"nullity_convergence",12,4125093663,12,12,0,0.000000,1.0000
true,"nullity_convergence",12,1199891669,12,11,1,0.083333,1.0000
true,"nullity_convergence",12,1405815344,12,11,1,0.083333,1.0000
true,"nullity_convergence",12,1295274113,12,11,1,0.083333,1.0000
true,"nullity_convergence",12,623608651,12,12,0,0.000000,1.0000
true,"nullity_convergence",12,868786530,12,11,1,0.083333,1.0000
true,"nullity_convergence",12,778424741,12,10,2,0.166667,1.0000
true,"nullity_convergence",12,3361611063,12,11,1,0.083333,1.0000
true,"nullity_convergence",12,2703627284,12,11,1,0.083333,1.0000
true,"nullity_convergence",12,2755745815,12,12,0,0.000000,1.0000
true,"nullity_convergence",12,3412973803,12,11,1,0.083333,1.0000
true,"nullity_convergence",12,979344966,12,10,2,0.166667,1.0000
true,"nullity_convergence",12,1321671839,12,12,0,0.000000,1.0000
true,"nullity_convergence",12,500495175,12,12,0,0.000000,1.0000
true,"nullity_convergence",12,3803607956,12,11,1,0.083333,1.0000
true,"nullity_convergence",12,1261412149,12,12,0,0.000000,1.0000
true,"nullity_convergence",12,2170880211,12,11,1,0.083333,1.0000
true,"nullity_convergence",12,237883782,12,10,2,0.166667,1.0000
true,"nullity_convergence",12,1724484297,12,11,1,0.083333,1.0000
true,"nullity_convergence",12,1515727384,12,11,1,0.083333,1.0000
true,"nullity_convergence",12,116353860,12,11,1,0.083333,1.0000
true,"nullity_convergence",12,566488468,12,11,1,0.083333,1.0000
true,"nullity_convergence",12,4281318461,12,11,1,0.083333,1.0000
true,"nullity_convergence",12,2118636922,12,11,1,0.083333,1.0000
true,"nullity_convergence",12,3138544602,12,11,1,0.083333,1.0000
true,"nullity_convergence",12,736668330,12,10,2,0.166667,1.0000
true,"nullity_convergence",12,2067918362,12,11,1,0.083333,1.0000
true,"nullity_convergence",12,1040452867,12,12,0,0.000000,1.0000
true,"nullity_convergence",12,1976048612,12,12,0,0.000000,1.0000
true,"nullity_convergence",12,3205522844,12,11,1,0.083333,1.0000
true,"nullity_convergence",12,1218776443,12,12,0,0.000000,1.0000
true,"nullity_convergence",12,932603208,12,11,1,0.083333,1.0000
true,"nullity_convergence",12,1919325408,12,12,0,0.000000,1.0000
true,"nullity_convergence",12,888217295,12,12,0,0.000000,1.0000
true,"nullity_convergence",12,3637658773,12,10,2,0.166667,1.0000
true,"nullity_convergence",12,3316342548,12,10,2,0.166667,1.0000
true,"nullity_convergence",12,1520454168,12,11,1,0.083333,1.0000
true,"nullity_convergence",12,3286143483,12,10,2,0.166667,1.0000
true,"nullity_convergence",12,564073886,12,11,1,0.083333,1.0000
true,"nullity_convergence",12,2347839654,12,12,0,0.000000,1.0000
true,"nullity_convergence",12,3501166229,12,11,1,0.083333,1.0000
true,"nullity_convergence",12,3387142290,12,12,0,0.000000,1.0000
true,"nullity_convergence",12,4171027582,12,11,1,0.083333,1.0000
true,"nullity_convergence",12,392179504,12,12,0,0.000000,1.0000
true,"nullity_convergence",12,3966608042,12,12,0,0.000000,1.0000
true,"nullity_convergence",12,3137985293,12,10,2,0.166667,1.0000
true,"nullity_convergence",12,1073990427,12,11,1,0.083333,1.0000
true,"nullity_convergence",12,4197851652,12,12,0,0.000000,1.0000
true,"nullity_convergence",12,1234332620,12,10,2,0.166667,1.0000
true,"nullity_convergence",12,351744921,12,11,1,0.083333,1.0000
true,"nullity_convergence",12,3147565187,12,10,2,0.166667,1.0000
true,"nullity_convergence",12,1113496528,12,11,1,0.083333,1.0000
true,"nullity_convergence",12,600760388,12,11,1,0.083333,1.0000
true,"nullity_convergence",12,3814167010,12,12,0,0.000000,1.0000
true,"nullity_convergence",12,774915232,12,11,1,0.083333,1.0000
true,"nullity_convergence",12,3639674263,12,12,0,0.000000,1.0000
true,"nullity_convergence",12,343564823,12,12,0,0.000000,1.0000
true,"nullity_convergence",12,2646358720,12,10,2,0.166667,1.0000
true,"nullity_convergence",12,1496499168,12,10,2,0.166667,1.0000
true,"nullity_convergence",12,2000920004,12,12,0,0.000000,1.0000
true,"nullity_convergence",12,250684337,12,12,0,0.000000,1.0000
true,"nullity_convergence",12,3503689267,12,10,2,0.166667,1.0000
true,"nullity_convergence",12,2469415650,12,10,2,0.166667,1.0000
true,"nullity_convergence",12,4290749429,12,11,1,0.083333,1.0000
true,"nullity_convergence",12,1137179138,12,11,1,0.083333,1.0000
true,"nullity_convergence",12,1662748802,12,10,2,0.166667,1.0000
true,"nullity_convergence",12,1206323849,12,10,2,0.166667,1.0000
true,"nullity_convergence",12,2192592493,12,11,1,0.083333,1.0000
true,"nullity_convergence",12,3889169429,12,11,1,0.083333,1.0000
true,"nullity_convergence",12,2632685925,12,12,0,0.000000,1.0000
true,"nullity_convergence",12,961686087,12,12,0,0.000000,1.0000
true,"nullity_convergence",12,1207300139,12,12,0,0.000000,1.0000
true,"nullity_convergence",12,209096371,12,12,0,0.000000,1.0000
true,"nullity_convergence",12,3828744542,12,12,0,0.000000,1.0000
true,"nullity_convergence",12,2753848082,12,11,1,0.083333,1.0000
true,"nullity_convergence",16,2863042876,16,15,1,0.062500,1.0000
true,"nullity_convergence",16,1908074968,16,15,1,0.062500,1.0000
true,"nullity_convergence",16,161312823,16,15,1,0.062500,1.0000
true,"nullity_convergence",16,4099551851,16,14,2,0.125000,1.0000
true,"nullity_convergence",16,1252886310,16,16,0,0.000000,1.0000
true,"nullity_convergence",16,960281698,16,16,0,0.000000,1.0000
true,"nullity_convergence",16,1501467642,16,16,0,0.000000,1.0000
true,"nullity_convergence",16,163825003,16,16,0,0.000000,1.0000
true,"nullity_convergence",16,1671094477,16,15,1,0.062500,1.0000
true,"nullity_convergence",16,2169784289,16,15,1,0.062500,1.0000
true,"nullity_convergence",16,3375450396,16,15,1,0.062500,1.0000
true,"nullity_convergence",16,512909780,16,15,1,0.062500,1.0000
true,"nullity_convergence",16,1853269889,16,16,0,0.000000,1.0000
true,"nullity_convergence",16,3391191045,16,15,1,0.062500,1.0000
true,"nullity_convergence",16,4085098372,16,15,1,0.062500,1.0000
true,"nullity_convergence",16,2177059892,16,15,1,0.062500,1.0000
true,"nullity_convergence",16,2050456335,16,15,1,0.062500,1.0000
true,"nullity_convergence",16,2496277232,16,15,1,0.062500,1.0000
true,"nullity_convergence",16,1229482055,16,15,1,0.062500,1.0000
true,"nullity_convergence",16,762844652,16,15,1,0.062500,1.0000
true,"nullity_convergence",16,414696255,16,16,0,0.000000,1.0000
true,"nullity_convergence",16,1989285566,16,14,2,0.125000,1.0000
true,"nullity_convergence",16,4174441802,16,16,0,0.000000,1.0000
true,"nullity_convergence",16,3840075038,16,15,1,0.062500,1.0000
true,"nullity_convergence",16,2352620170,16,15,1,0.062500,1.0000
true,"nullity_convergence",16,1374140820,16,16,0,0.000000,1.0000
true,"nullity_convergence",16,2908417768,16,16,0,0.000000,1.0000
true,"nullity_convergence",16,1859397714,16,16,0,0.000000,1.0000
true,"nullity_convergence",16,969422747,16,14,2,0.125000,1.0000
true,"nullity_convergence",16,1390899366,16,15,1,0.062500,1.0000
true,"nullity_convergence",16,2203660740,16,16,0,0.000000,1.0000
true,"nullity_convergence",16,422216629,16,15,1,0.062500,1.0000
true,"nullity_convergence",16,398519589,16,15,1,0.062500,1.0000
true,"nullity_convergence",16,3481372304,16,15,1,0.062500,1.0000
true,"nullity_convergence",16,2523501500,16,16,0,0.000000,1.0000
true,"nullity_convergence",16,3209543387,16,15,1,0.062500,1.0000
true,"nullity_convergence",16,2583047322,16,16,0,0.000000,1.0000
true,"nullity_convergence",16,2936264091,16,15,1,0.062500,1.0000
true,"nullity_convergence",16,3505666319,16,15,1,0.062500,1.0000
true,"nullity_convergence",16,3119898238,16,16,0,0.000000,1.0000
true,"nullity_convergence",16,3055000243,16,16,0,0.000000,1.0000
true,"nullity_convergence",16,373032611,16,15,1,0.062500,1.0000
true,"nullity_convergence",16,2300190341,16,15,1,0.062500,1.0000
true,"nullity_convergence",16,4016828160,16,16,0,0.000000,1.0000
true,"nullity_convergence",16,3122105895,16,16,0,0.000000,1.0000
true,"nullity_convergence",16,4229028901,16,16,0,0.000000,1.0000
true,"nullity_convergence",16,86499760,16,15,1,0.062500,1.0000
true,"nullity_convergence",16,1543887236,16,14,2,0.125000,1.0000
true,"nullity_convergence",16,1347047663,16,15,1,0.062500,1.0000
true,"nullity_convergence",16,2693169950,16,14,2,0.125000,1.0000
true,"nullity_convergence",16,1467426165,16,15,1,0.062500,1.0000
true,"nullity_convergence",16,2251073804,16,15,1,0.062500,1.0000
true,"nullity_convergence",16,1860786860,16,15,1,0.062500,1.0000
true,"nullity_convergence",16,568201371,16,16,0,0.000000,1.0000
true,"nullity_convergence",16,3711950065,16,15,1,0.062500,1.0000
true,"nullity_convergence",16,2258465376,16,16,0,0.000000,1.0000
true,"nullity_convergence",16,1349010246,16,15,1,0.062500,1.0000
true,"nullity_convergence",16,1819248112,16,16,0,0.000000,1.0000
true,"nullity_convergence",16,574328743,16,15,1,0.062500,1.0000
true,"nullity_convergence",16,2764727338,16,15,1,0.062500,1.0000
true,"nullity_convergence",16,229031248,16,16,0,0.000000,1.0000
true,"nullity_convergence",16,1611774732,16,15,1,0.062500,1.0000
true,"nullity_convergence",16,1794289244,16,15,1,0.062500,1.0000
true,"nullity_convergence",16,1209779565,16,15,1,0.062500,1.0000
true,"nullity_convergence",16,2928117226,16,15,1,0.062500,1.0000
true,"nullity_convergence",16,828240395,16,15,1,0.062500,1.0000
true,"nullity_convergence",16,2866391027,16,15,1,0.062500,1.0000
true,"nullity_convergence",16,3488121909,16,15,1,0.062500,1.0000
true,"nullity_convergence",16,1616352900,16,15,1,0.062500,1.0000
true,"nullity_convergence",16,3895158430,16,15,1,0.062500,1.0000
true,"nullity_convergence",16,293901077,16,16,0,0.000000,1.0000
true,"nullity_convergence",16,530767567,16,15,1,0.062500,1.0000
true,"nullity_convergence",16,971405162,16,14,2,0.125000,1.0000
true,"nullity_convergence",16,385872461,16,16,0,0.000000,1.0000
true,"nullity_convergence",16,4052019488,16,15,1,0.062500,1.0000
true,"nullity_convergence",16,1078851584,16,16,0,0.000000,1.0000
true,"nullity_convergence",16,3393526654,16,16,0,0.000000,1.0000
true,"nullity_convergence",16,3498077518,16,16,0,0.000000,1.0000
true,"nullity_convergence",16,925070549,16,16,0,0.000000,1.0000
true,"nullity_convergence",16,2310937654,16,15,1,0.062500,1.0000
true,"nullity_convergence",16,1396360318,16,15,1,0.062500,1.0000
true,"nullity_convergence",16,1412670390,16,15,1,0.062500,1.0000
true,"nullity_convergence",16,237069080,16,16,0,0.000000,1.0000
true,"nullity_convergence",16,224736498,16,16,0,0.000000,1.0000
true,"nullity_convergence",16,2682483874,16,15,1,0.062500,1.0000
true,"nullity_convergence",16,461613158,16,15,1,0.062500,1.0000
true,"nullity_convergence",16,3085224506,16,14,2,0.125000,1.0000
true,"nullity_convergence",16,1717569207,16,15,1,0.062500,1.0000
true,"nullity_convergence",16,2671378314,16,16,0,0.000000,1.0000
true,"nullity_convergence",16,1996505810,16,14,2,0.125000,1.0000
true,"nullity_convergence",16,1398674974,16,14,2,0.125000,1.0000
true,"nullity_convergence",16,1474988798,16,16,0,0.000000,1.0000
true,"nullity_convergence",16,2832538820,16,16,0,0.000000,1.0000
true,"nullity_convergence",16,3330708911,16,15,1,0.062500,1.0000
true,"nullity_convergence",16,866593016,16,15,1,0.062500,1.0000
true,"nullity_convergence",16,2268430668,16,15,1,0.062500,1.0000
true,"nullity_convergence",16,4238724919,16,15,1,0.062500,1.0000
true,"nullity_convergence",16,1251261350,16,15,1,0.062500,1.0000
true,"nullity_convergence",16,3259509170,16,15,1,0.062500,1.0000
true,"nullity_convergence",16,2731252245,16,15,1,0.062500,1.0000
true,"nullity_convergence",24,4162815858,24,24,0,0.000000,1.0000
true,"nullity_convergence",24,3342655900,24,23,1,0.041667,1.0000
true,"nullity_convergence",24,4070147382,24,23,1,0.041667,1.0000
true,"nullity_convergence",24,356238888,24,23,1,0.041667,1.0000
true,"nullity_convergence",24,3911517655,24,24,0,0.000000,1.0000
true,"nullity_convergence",24,3626009305,24,24,0,0.000000,1.0000
true,"nullity_convergence",24,2743920956,24,24,0,0.000000,1.0000
true,"nullity_convergence",24,462031129,24,22,2,0.083333,1.0000
true,"nullity_convergence",24,712155925,24,23,1,0.041667,1.0000
true,"nullity_convergence",24,429541513,24,24,0,0.000000,1.0000
true,"nullity_convergence",24,2945453393,24,22,2,0.083333,1.0000
true,"nullity_convergence",24,1405033583,24,24,0,0.000000,1.0000
true,"nullity_convergence",24,1012732977,24,23,1,0.041667,1.0000
true,"nullity_convergence",24,3810919311,24,23,1,0.041667,1.0000
true,"nullity_convergence",24,1016959480,24,24,0,0.000000,1.0000
true,"nullity_convergence",24,2138772821,24,23,1,0.041667,1.0000
true,"nullity_convergence",24,2128966068,24,23,1,0.041667,1.0000
true,"nullity_convergence",24,4093222516,24,24,0,0.000000,1.0000
true,"nullity_convergence",24,3431740518,24,24,0,0.000000,1.0000
true,"nullity_convergence",24,182466321,24,23,1,0.041667,1.0000
true,"nullity_convergence",24,3889754251,24,24,0,0.000000,1.0000
true,"nullity_convergence",24,1081760572,24,23,1,0.041667,1.0000
true,"nullity_convergence",24,2202266680,24,24,0,0.000000,1.0000
true,"nullity_convergence",24,771967759,24,24,0,0.000000,1.0000
true,"nullity_convergence",24,2942450770,24,24,0,0.000000,1.0000
true,"nullity_convergence",24,1233693984,24,23,1,0.041667,1.0000
true,"nullity_convergence",24,213645911,24,23,1,0.041667,1.0000
true,"nullity_convergence",24,3676677155,24,22,2,0.083333,1.0000
true,"nullity_convergence",24,1432168055,24,23,1,0.041667,1.0000
true,"nullity_convergence",24,1233847712,24,24,0,0.000000,1.0000
true,"nullity_convergence",24,2074307386,24,23,1,0.041667,1.0000
true,"nullity_convergence",24,1896681009,24,23,1,0.041667,1.0000
true,"nullity_convergence",24,1418638401,24,23,1,0.041667,1.0000
true,"nullity_convergence",24,450425769,24,22,2,0.083333,1.0000
true,"nullity_convergence",24,2816588530,24,24,0,0.000000,1.0000
true,"nullity_convergence",24,820488073,24,24,0,0.000000,1.0000
true,"nullity_convergence",24,418386045,24,24,0,0.000000,1.0000
true,"nullity_convergence",24,2814091273,24,22,2,0.083333,1.0000
true,"nullity_convergence",24,391363619,24,23,1,0.041667,1.0000
true,"nullity_convergence",24,2941085704,24,23,1,0.041667,1.0000
true,"nullity_convergence",24,1347962698,24,24,0,0.000000,1.0000
true,"nullity_convergence",24,614348706,24,24,0,0.000000,1.0000
true,"nullity_convergence",24,71467977,24,23,1,0.041667,1.0000
true,"nullity_convergence",24,3173221571,24,24,0,0.000000,1.0000
true,"nullity_convergence",24,3808562533,24,22,2,0.083333,1.0000
true,"nullity_convergence",24,1035045565,24,22,2,0.083333,1.0000
true,"nullity_convergence",24,3716990152,24,24,0,0.000000,1.0000
true,"nullity_convergence",24,1374678828,24,23,1,0.041667,1.0000
true,"nullity_convergence",24,2037916136,24,24,0,0.000000,1.0000
true,"nullity_convergence",24,469420772,24,24,0,0.000000,1.0000
true,"nullity_convergence",24,2369593791,24,23,1,0.041667,1.0000
true,"nullity_convergence",24,896878351,24,24,0,0.000000,1.0000
true,"nullity_convergence",24,477441585,24,23,1,0.041667,1.0000
true,"nullity_convergence",24,2649133251,24,24,0,0.000000,1.0000
true,"nullity_convergence",24,1199249135,24,22,2,0.083333,1.0000
true,"nullity_convergence",24,895533260,24,24,0,0.000000,1.0000
true,"nullity_convergence",24,2482139848,24,23,1,0.041667,1.0000
true,"nullity_convergence",24,1867499305,24,23,1,0.041667,1.0000
true,"nullity_convergence",24,4172238947,24,22,2,0.083333,1.0000
true,"nullity_convergence",24,373751846,24,22,2,0.083333,1.0000
true,"nullity_convergence",24,1326889309,24,23,1,0.041667,1.0000
true,"nullity_convergence",24,3853278735,24,24,0,0.000000,1.0000
true,"nullity_convergence",24,3177886354,24,23,1,0.041667,1.0000
true,"nullity_convergence",24,1425199926,24,22,2,0.083333,1.0000
true,"nullity_convergence",24,3933271252,24,23,1,0.041667,1.0000
true,"nullity_convergence",24,2280131012,24,24,0,0.000000,1.0000
true,"nullity_convergence",24,1944313627,24,24,0,0.000000,1.0000
true,"nullity_convergence",24,1672665452,24,23,1,0.041667,1.0000
true,"nullity_convergence",24,1050768582,24,24,0,0.000000,1.0000
true,"nullity_convergence",24,2205058259,24,23,1,0.041667,1.0000
true,"nullity_convergence",24,2577442295,24,23,1,0.041667,1.0000
true,"nullity_convergence",24,660522527,24,23,1,0.041667,1.0000
true,"nullity_convergence",24,3641836927,24,23,1,0.041667,1.0000
true,"nullity_convergence",24,3590254501,24,24,0,0.000000,1.0000
true,"nullity_convergence",24,518789146,24,24,0,0.000000,1.0000
true,"nullity_convergence",24,2961800649,24,23,1,0.041667,1.0000
true,"nullity_convergence",24,2850309241,24,23,1,0.041667,1.0000
true,"nullity_convergence",24,1802005521,24,24,0,0.000000,1.0000
true,"nullity_convergence",24,830830014,24,24,0,0.000000,1.0000
true,"nullity_convergence",24,2090908363,24,23,1,0.041667,1.0000
true,"nullity_convergence",24,3900595957,24,23,1,0.041667,1.0000
true,"nullity_convergence",24,3049709267,24,22,2,0.083333,1.0000
true,"nullity_convergence",24,530606455,24,23,1,0.041667,1.0000
true,"nullity_convergence",24,3385035438,24,24,0,0.000000,1.0000
true,"nullity_convergence",24,1268672637,24,24,0,0.000000,1.0000
true,"nullity_convergence",24,4118473476,24,23,1,0.041667,1.0000
true,"nullity_convergence",24,1362841919,24,23,1,0.041667,1.0000
true,"nullity_convergence",24,2981979164,24,24,0,0.000000,1.0000
true,"nullity_convergence",24,1562791284,24,22,2,0.083333,1.0000
true,"nullity_convergence",24,689236364,24,23,1,0.041667,1.0000
true,"nullity_convergence",24,88812476,24,21,3,0.125000,1.0000
true,"nullity_convergence",24,384410675,24,23,1,0.041667,1.0000
true,"nullity_convergence",24,1759466829,24,21,3,0.125000,1.0000
true,"nullity_convergence",24,921351906,24,23,1,0.041667,1.0000
true,"nullity_convergence",24,2741309338,24,23,1,0.041667,1.0000
true,"nullity_convergence",24,2469384865,24,23,1,0.041667,1.0000
true,"nullity_convergence",24,1826243851,24,23,1,0.041667,1.0000
true,"nullity_convergence",24,2259528653,24,23,1,0.041667,1.0000
true,"nullity_convergence",24,2985563662,24,22,2,0.083333,1.0000
true,"nullity_convergence",24,2463406160,24,23,1,0.041667,1.0000
true,"nullity_convergence",32,2734913780,32,31,1,0.031250,1.0000
true,"nullity_convergence",32,487447858,32,31,1,0.031250,1.0000
true,"nullity_convergence",32,1085432994,32,31,1,0.031250,1.0000
true,"nullity_convergence",32,3112462420,32,31,1,0.031250,1.0000
true,"nullity_convergence",32,3467800922,32,31,1,0.031250,1.0000
true,"nullity_convergence",32,3423675133,32,31,1,0.031250,1.0000
true,"nullity_convergence",32,1177918724,32,30,2,0.062500,1.0000
true,"nullity_convergence",32,3318036972,32,31,1,0.031250,1.0000
true,"nullity_convergence",32,535627020,32,29,3,0.093750,1.0000
true,"nullity_convergence",32,50599814,32,31,1,0.031250,1.0000
true,"nullity_convergence",32,1000884413,32,32,0,0.000000,1.0000
true,"nullity_convergence",32,4224126472,32,31,1,0.031250,1.0000
true,"nullity_convergence",32,187793510,32,31,1,0.031250,1.0000
true,"nullity_convergence",32,2787857310,32,30,2,0.062500,1.0000
true,"nullity_convergence",32,1841595732,32,32,0,0.000000,1.0000
true,"nullity_convergence",32,300875857,32,32,0,0.000000,1.0000
true,"nullity_convergence",32,367010273,32,31,1,0.031250,1.0000
true,"nullity_convergence",32,2659211261,32,31,1,0.031250,1.0000
true,"nullity_convergence",32,906655732,32,32,0,0.000000,1.0000
true,"nullity_convergence",32,555977807,32,31,1,0.031250,1.0000
true,"nullity_convergence",32,1033647601,32,32,0,0.000000,1.0000
true,"nullity_convergence",32,3019453332,32,31,1,0.031250,1.0000
true,"nullity_convergence",32,477873175,32,32,0,0.000000,1.0000
true,"nullity_convergence",32,1340294140,32,32,0,0.000000,1.0000
true,"nullity_convergence",32,1290541038,32,32,0,0.000000,1.0000
true,"nullity_convergence",32,362406954,32,31,1,0.031250,1.0000
true,"nullity_convergence",32,2730489856,32,31,1,0.031250,1.0000
true,"nullity_convergence",32,2421673326,32,32,0,0.000000,1.0000
true,"nullity_convergence",32,2088647970,32,32,0,0.000000,1.0000
true,"nullity_convergence",32,719603020,32,32,0,0.000000,1.0000
true,"nullity_convergence",32,860505700,32,31,1,0.031250,1.0000
true,"nullity_convergence",32,180343509,32,29,3,0.093750,1.0000
true,"nullity_convergence",32,3464265644,32,32,0,0.000000,1.0000
true,"nullity_convergence",32,2487195003,32,31,1,0.031250,1.0000
true,"nullity_convergence",32,2323221223,32,31,1,0.031250,1.0000
true,"nullity_convergence",32,1924615579,32,31,1,0.031250,1.0000
true,"nullity_convergence",32,1782614100,32,31,1,0.031250,1.0000
true,"nullity_convergence",32,2312464044,32,32,0,0.000000,1.0000
true,"nullity_convergence",32,274027359,32,32,0,0.000000,1.0000
true,"nullity_convergence",32,531310089,32,32,0,0.000000,1.0000
true,"nullity_convergence",32,2851423421,32,30,2,0.062500,1.0000
true,"nullity_convergence",32,179854090,32,31,1,0.031250,1.0000
true,"nullity_convergence",32,791971615,32,31,1,0.031250,1.0000
true,"nullity_convergence",32,3103466071,32,31,1,0.031250,1.0000
true,"nullity_convergence",32,2908861105,32,30,2,0.062500,1.0000
true,"nullity_convergence",32,4240607945,32,31,1,0.031250,1.0000
true,"nullity_convergence",32,4230954782,32,31,1,0.031250,1.0000
true,"nullity_convergence",32,1998027131,32,32,0,0.000000,1.0000
true,"nullity_convergence",32,682273484,32,31,1,0.031250,1.0000
true,"nullity_convergence",32,1582598211,32,32,0,0.000000,1.0000
true,"nullity_convergence",32,3684975714,32,31,1,0.031250,1.0000
true,"nullity_convergence",32,1225255482,32,31,1,0.031250,1.0000
true,"nullity_convergence",32,3066756554,32,31,1,0.031250,1.0000
true,"nullity_convergence",32,252835758,32,32,0,0.000000,1.0000
true,"nullity_convergence",32,2842593766,32,31,1,0.031250,1.0000
true,"nullity_convergence",32,639390138,32,30,2,0.062500,1.0000
true,"nullity_convergence",32,1904556019,32,30,2,0.062500,1.0000
true,"nullity_convergence",32,1396299810,32,30,2,0.062500,1.0000
true,"nullity_convergence",32,3503295115,32,32,0,0.000000,1.0000
true,"nullity_convergence",32,2351427736,32,31,1,0.031250,1.0000
true,"nullity_convergence",32,3888929321,32,32,0,0.000000,1.0000
true,"nullity_convergence",32,3181698441,32,31,1,0.031250,1.0000
true,"nullity_convergence",32,3975675500,32,31,1,0.031250,1.0000
true,"nullity_convergence",32,4058943073,32,32,0,0.000000,1.0000
true,"nullity_convergence",32,2227125849,32,30,2,0.062500,1.0000
true,"nullity_convergence",32,1174668270,32,32,0,0.000000,1.0000
true,"nullity_convergence",32,330753001,32,31,1,0.031250,1.0000
true,"nullity_convergence",32,2827858319,32,31,1,0.031250,1.0000
true,"nullity_convergence",32,28238006,32,30,2,0.062500,1.0000
true,"nullity_convergence",32,1658433985,32,31,1,0.031250,1.0000
true,"nullity_convergence",32,679398183,32,31,1,0.031250,1.0000
true,"nullity_convergence",32,3532463107,32,32,0,0.000000,1.0000
true,"nullity_convergence",32,1405424083,32,31,1,0.031250,1.0000
true,"nullity_convergence",32,3874588946,32,32,0,0.000000,1.0000
true,"nullity_convergence",32,268540257,32,31,1,0.031250,1.0000
true,"nullity_convergence",32,2156637875,32,30,2,0.062500,1.0000
true,"nullity_convergence",32,294539649,32,32,0,0.000000,1.0000
true,"nullity_convergence",32,4190325715,32,30,2,0.062500,1.0000
true,"nullity_convergence",32,3400343337,32,31,1,0.031250,1.0000
true,"nullity_convergence",32,3770817991,32,32,0,0.000000,1.0000
true,"nullity_convergence",32,512726548,32,31,1,0.031250,1.0000
true,"nullity_convergence",32,3174984353,32,32,0,0.000000,1.0000
true,"nullity_convergence",32,265377619,32,32,0,0.000000,1.0000
true,"nullity_convergence",32,414101426,32,31,1,0.031250,1.0000
true,"nullity_convergence",32,2301406542,32,32,0,0.000000,1.0000
true,"nullity_convergence",32,654766122,32,30,2,0.062500,1.0000
true,"nullity_convergence",32,2403370449,32,31,1,0.031250,1.0000
true,"nullity_convergence",32,2059383164,32,31,1,0.031250,1.0000
true,"nullity_convergence",32,3920245139,32,32,0,0.000000,1.0000
true,"nullity_convergence",32,2244077001,32,31,1,0.031250,1.0000
true,"nullity_convergence",32,404453204,32,31,1,0.031250,1.0000
true,"nullity_convergence",32,3290487719,32,32,0,0.000000,1.0000
true,"nullity_convergence",32,3444264299,32,31,1,0.031250,1.0000
true,"nullity_convergence",32,921433317,32,31,1,0.031250,1.0000
true,"nullity_convergence",32,1444009620,32,32,0,0.000000,1.0000
true,"nullity_convergence",32,1655134810,32,30,2,0.062500,1.0000
true,"nullity_convergence",32,1455428623,32,32,0,0.000000,1.0000
true,"nullity_convergence",32,2738351257,32,31,1,0.031250,1.0000
true,"nullity_convergence",32,3296703371,32,31,1,0.031250,1.0000
true,"nullity_convergence",32,2190541187,32,31,1,0.031250,1.0000
true,"nullity_convergence",48,3463838745,48,47,1,0.020833,1.0000
true,"nullity_convergence",48,2491764458,48,47,1,0.020833,1.0000
true,"nullity_convergence",48,1264054882,48,47,1,0.020833,1.0000
true,"nullity_convergence",48,2465159818,48,47,1,0.020833,1.0000
true,"nullity_convergence",48,3975803066,48,48,0,0.000000,1.0000
true,"nullity_convergence",48,3501399990,48,47,1,0.020833,1.0000
true,"nullity_convergence",48,831688575,48,47,1,0.020833,1.0000
true,"nullity_convergence",48,725091011,48,47,1,0.020833,1.0000
true,"nullity_convergence",48,2807632060,48,48,0,0.000000,1.0000
true,"nullity_convergence",48,142169907,48,47,1,0.020833,1.0000
true,"nullity_convergence",48,2457327936,48,48,0,0.000000,1.0000
true,"nullity_convergence",48,1005645300,48,48,0,0.000000,1.0000
true,"nullity_convergence",48,2292742751,48,46,2,0.041667,1.0000
true,"nullity_convergence",48,2282134930,48,46,2,0.041667,1.0000
true,"nullity_convergence",48,3847682181,48,48,0,0.000000,1.0000
true,"nullity_convergence",48,239186437,48,47,1,0.020833,1.0000
true,"nullity_convergence",48,1212725606,48,48,0,0.000000,1.0000
true,"nullity_convergence",48,3929214741,48,48,0,0.000000,1.0000
true,"nullity_convergence",48,761969281,48,48,0,0.000000,1.0000
true,"nullity_convergence",48,1972828662,48,47,1,0.020833,1.0000
true,"nullity_convergence",48,1642423975,48,47,1,0.020833,1.0000
true,"nullity_convergence",48,2755058632,48,47,1,0.020833,1.0000
true,"nullity_convergence",48,480314708,48,47,1,0.020833,1.0000
true,"nullity_convergence",48,1221956860,48,46,2,0.041667,1.0000
true,"nullity_convergence",48,3990364778,48,47,1,0.020833,1.0000
true,"nullity_convergence",48,2554776921,48,47,1,0.020833,1.0000
true,"nullity_convergence",48,378969194,48,48,0,0.000000,1.0000
true,"nullity_convergence",48,1996783079,48,47,1,0.020833,1.0000
true,"nullity_convergence",48,1006114288,48,46,2,0.041667,1.0000
true,"nullity_convergence",48,1766730882,48,47,1,0.020833,1.0000
true,"nullity_convergence",48,4293816123,48,47,1,0.020833,1.0000
true,"nullity_convergence",48,258834341,48,47,1,0.020833,1.0000
true,"nullity_convergence",48,3242527954,48,45,3,0.062500,1.0000
true,"nullity_convergence",48,3415300219,48,47,1,0.020833,1.0000
true,"nullity_convergence",48,1858073917,48,47,1,0.020833,1.0000
true,"nullity_convergence",48,3606784459,48,47,1,0.020833,1.0000
true,"nullity_convergence",48,3973558478,48,47,1,0.020833,1.0000
true,"nullity_convergence",48,1899208194,48,47,1,0.020833,1.0000
true,"nullity_convergence",48,981525536,48,47,1,0.020833,1.0000
true,"nullity_convergence",48,859572520,48,47,1,0.020833,1.0000
true,"nullity_convergence",48,728036499,48,47,1,0.020833,1.0000
true,"nullity_convergence",48,1027321026,48,47,1,0.020833,1.0000
true,"nullity_convergence",48,1079286311,48,47,1,0.020833,1.0000
true,"nullity_convergence",48,2543946497,48,47,1,0.020833,1.0000
true,"nullity_convergence",48,1091636555,48,46,2,0.041667,1.0000
true,"nullity_convergence",48,567249627,48,48,0,0.000000,1.0000
true,"nullity_convergence",48,979733104,48,47,1,0.020833,1.0000
true,"nullity_convergence",48,2170339434,48,47,1,0.020833,1.0000
true,"nullity_convergence",48,2335407337,48,47,1,0.020833,1.0000
true,"nullity_convergence",48,2901278809,48,47,1,0.020833,1.0000
true,"nullity_convergence",48,2730900835,48,47,1,0.020833,1.0000
true,"nullity_convergence",48,1646754907,48,47,1,0.020833,1.0000
true,"nullity_convergence",48,3887536823,48,47,1,0.020833,1.0000
true,"nullity_convergence",48,3736268072,48,48,0,0.000000,1.0000
true,"nullity_convergence",48,4244391094,48,46,2,0.041667,1.0000
true,"nullity_convergence",48,381408852,48,47,1,0.020833,1.0000
true,"nullity_convergence",48,804539506,48,47,1,0.020833,1.0000
true,"nullity_convergence",48,1451518969,48,47,1,0.020833,1.0000
true,"nullity_convergence",48,432014200,48,47,1,0.020833,1.0000
true,"nullity_convergence",48,2662789784,48,48,0,0.000000,1.0000
true,"nullity_convergence",48,2743296114,48,47,1,0.020833,1.0000
true,"nullity_convergence",48,3167456675,48,47,1,0.020833,1.0000
true,"nullity_convergence",48,3827195082,48,47,1,0.020833,1.0000
true,"nullity_convergence",48,896985257,48,47,1,0.020833,1.0000
true,"nullity_convergence",48,2526911609,48,48,0,0.000000,1.0000
true,"nullity_convergence",48,2154020710,48,47,1,0.020833,1.0000
true,"nullity_convergence",48,2572848774,48,48,0,0.000000,1.0000
true,"nullity_convergence",48,670779892,48,48,0,0.000000,1.0000
true,"nullity_convergence",48,169649375,48,48,0,0.000000,1.0000
true,"nullity_convergence",48,1623502451,48,48,0,0.000000,1.0000
true,"nullity_convergence",48,3689804007,48,47,1,0.020833,1.0000
true,"nullity_convergence",48,642347537,48,46,2,0.041667,1.0000
true,"nullity_convergence",48,3314803833,48,47,1,0.020833,1.0000
true,"nullity_convergence",48,1042098515,48,47,1,0.020833,1.0000
true,"nullity_convergence",48,3851228258,48,48,0,0.000000,1.0000
true,"nullity_convergence",48,4098712682,48,48,0,0.000000,1.0000
true,"nullity_convergence",48,2134983374,48,47,1,0.020833,1.0000
true,"nullity_convergence",48,1280357027,48,46,2,0.041667,1.0000
true,"nullity_convergence",48,1955226470,48,48,0,0.000000,1.0000
true,"nullity_convergence",48,3034845345,48,47,1,0.020833,1.0000
true,"nullity_convergence",48,3799242495,48,47,1,0.020833,1.0000
true,"nullity_convergence",48,3585635650,48,47,1,0.020833,1.0000
true,"nullity_convergence",48,2819235057,48,48,0,0.000000,1.0000
true,"nullity_convergence",48,4125879466,48,48,0,0.000000,1.0000
true,"nullity_convergence",48,2245561853,48,48,0,0.000000,1.0000
true,"nullity_convergence",48,2087510544,48,47,1,0.020833,1.0000
true,"nullity_convergence",48,2677641997,48,47,1,0.020833,1.0000
true,"nullity_convergence",48,2256764847,48,46,2,0.041667,1.0000
true,"nullity_convergence",48,2713921285,48,46,2,0.041667,1.0000
true,"nullity_convergence",48,4157795564,48,48,0,0.000000,1.0000
true,"nullity_convergence",48,3753730372,48,47,1,0.020833,1.0000
true,"nullity_convergence",48,2679607484,48,48,0,0.000000,1.0000
true,"nullity_convergence",48,322849042,48,46,2,0.041667,1.0000
true,"nullity_convergence",48,239235506,48,47,1,0.020833,1.0000
true,"nullity_convergence",48,1557378776,48,48,0,0.000000,1.0000
true,"nullity_convergence",48,628348605,48,47,1,0.020833,1.0000
true,"nullity_convergence",48,3951436635,48,47,1,0.020833,1.0000
true,"nullity_convergence",48,2982183682,48,47,1,0.020833,1.0000
true,"nullity_convergence",48,1070532032,48,48,0,0.000000,1.0000
true,"nullity_convergence",48,1054677796,48,48,0,0.000000,1.0000
true,"nullity_convergence",64,3192693679,64,63,1,0.015625,1.0000
true,"nullity_convergence",64,297177919,64,63,1,0.015625,1.0000
true,"nullity_convergence",64,1947040534,64,63,1,0.015625,1.0000
true,"nullity_convergence",64,4191799421,64,64,0,0.000000,1.0000
true,"nullity_convergence",64,3659475844,64,62,2,0.031250,1.0000
true,"nullity_convergence",64,836351524,64,64,0,0.000000,1.0000
true,"nullity_convergence",64,1264414329,64,63,1,0.015625,1.0000
true,"nullity_convergence",64,2102806514,64,64,0,0.000000,1.0000
true,"nullity_convergence",64,2736213413,64,63,1,0.015625,1.0000
true,"nullity_convergence",64,2696628251,64,63,1,0.015625,1.0000
true,"nullity_convergence",64,1456849716,64,63,1,0.015625,1.0000
true,"nullity_convergence",64,3277044748,64,64,0,0.000000,1.0000
true,"nullity_convergence",64,2734407972,64,62,2,0.031250,1.0000
true,"nullity_convergence",64,2263529893,64,64,0,0.000000,1.0000
true,"nullity_convergence",64,3440887116,64,62,2,0.031250,1.0000
true,"nullity_convergence",64,3500468192,64,62,2,0.031250,1.0000
true,"nullity_convergence",64,1417305075,64,64,0,0.000000,1.0000
true,"nullity_convergence",64,231472250,64,63,1,0.015625,1.0000
true,"nullity_convergence",64,3639471125,64,64,0,0.000000,1.0000
true,"nullity_convergence",64,442440756,64,63,1,0.015625,1.0000
true,"nullity_convergence",64,110120757,64,63,1,0.015625,1.0000
true,"nullity_convergence",64,1050236213,64,63,1,0.015625,1.0000
true,"nullity_convergence",64,3897372489,64,62,2,0.031250,1.0000
true,"nullity_convergence",64,4132948643,64,63,1,0.015625,1.0000
true,"nullity_convergence",64,3078689134,64,63,1,0.015625,1.0000
true,"nullity_convergence",64,3065768560,64,63,1,0.015625,1.0000
true,"nullity_convergence",64,2699775779,64,62,2,0.031250,1.0000
true,"nullity_convergence",64,3998118866,64,64,0,0.000000,1.0000
true,"nullity_convergence",64,3764207024,64,63,1,0.015625,1.0000
true,"nullity_convergence",64,3117947290,64,63,1,0.015625,1.0000
true,"nullity_convergence",64,3722274767,64,64,0,0.000000,1.0000
true,"nullity_convergence",64,2767480918,64,63,1,0.015625,1.0000
true,"nullity_convergence",64,4202384117,64,64,0,0.000000,1.0000
true,"nullity_convergence",64,2892358357,64,63,1,0.015625,1.0000
true,"nullity_convergence",64,2835742668,64,63,1,0.015625,1.0000
true,"nullity_convergence",64,1161366847,64,62,2,0.031250,1.0000
true,"nullity_convergence",64,2917238909,64,63,1,0.015625,1.0000
true,"nullity_convergence",64,3601707281,64,64,0,0.000000,1.0000
true,"nullity_convergence",64,2880169362,64,64,0,0.000000,1.0000
true,"nullity_convergence",64,3072007992,64,63,1,0.015625,1.0000
true,"nullity_convergence",64,2248358942,64,63,1,0.015625,1.0000
true,"nullity_convergence",64,3125894603,64,63,1,0.015625,1.0000
true,"nullity_convergence",64,7056721,64,63,1,0.015625,1.0000
true,"nullity_convergence",64,862674530,64,63,1,0.015625,1.0000
true,"nullity_convergence",64,3192038545,64,63,1,0.015625,1.0000
true,"nullity_convergence",64,1566099099,64,64,0,0.000000,1.0000
true,"nullity_convergence",64,2157002010,64,62,2,0.031250,1.0000
true,"nullity_convergence",64,1497931160,64,63,1,0.015625,1.0000
true,"nullity_convergence",64,3350365588,64,63,1,0.015625,1.0000
true,"nullity_convergence",64,1872727438,64,63,1,0.015625,1.0000
true,"nullity_convergence",64,4224396710,64,62,2,0.031250,1.0000
true,"nullity_convergence",64,2934602413,64,64,0,0.000000,1.0000
true,"nullity_convergence",64,967373642,64,63,1,0.015625,1.0000
true,"nullity_convergence",64,2247565065,64,63,1,0.015625,1.0000
true,"nullity_convergence",64,3914391148,64,64,0,0.000000,1.0000
true,"nullity_convergence",64,2588487748,64,63,1,0.015625,1.0000
true,"nullity_convergence",64,4094332343,64,63,1,0.015625,1.0000
true,"nullity_convergence",64,1262275391,64,63,1,0.015625,1.0000
true,"nullity_convergence",64,1355593947,64,63,1,0.015625,1.0000
true,"nullity_convergence",64,1892859189,64,63,1,0.015625,1.0000
true,"nullity_convergence",64,2126292246,64,62,2,0.031250,1.0000
true,"nullity_convergence",64,725852966,64,63,1,0.015625,1.0000
true,"nullity_convergence",64,1815433034,64,64,0,0.000000,1.0000
true,"nullity_convergence",64,1489652987,64,62,2,0.031250,1.0000
true,"nullity_convergence",64,2402098861,64,64,0,0.000000,1.0000
true,"nullity_convergence",64,2554292882,64,63,1,0.015625,1.0000
true,"nullity_convergence",64,1241506168,64,63,1,0.015625,1.0000
true,"nullity_convergence",64,3535923079,64,62,2,0.031250,1.0000
true,"nullity_convergence",64,2904089638,64,63,1,0.015625,1.0000
true,"nullity_convergence",64,2601325649,64,63,1,0.015625,1.0000
true,"nullity_convergence",64,3982495936,64,64,0,0.000000,1.0000
true,"nullity_convergence",64,3903411762,64,63,1,0.015625,1.0000
true,"nullity_convergence",64,1895247639,64,62,2,0.031250,1.0000
true,"nullity_convergence",64,2569402090,64,63,1,0.015625,1.0000
true,"nullity_convergence",64,3036219781,64,63,1,0.015625,1.0000
true,"nullity_convergence",64,3742490254,64,63,1,0.015625,1.0000
true,"nullity_convergence",64,2917386310,64,64,0,0.000000,1.0000
true,"nullity_convergence",64,1195261027,64,64,0,0.000000,1.0000
true,"nullity_convergence",64,3125002602,64,63,1,0.015625,1.0000
true,"nullity_convergence",64,1609211680,64,63,1,0.015625,1.0000
true,"nullity_convergence",64,285830828,64,63,1,0.015625,1.0000
true,"nullity_convergence",64,3607894680,64,63,1,0.015625,1.0000
true,"nullity_convergence",64,3732367764,64,63,1,0.015625,1.0000
true,"nullity_convergence",64,861285152,64,64,0,0.000000,1.0000
true,"nullity_convergence",64,3708581664,64,63,1,0.015625,1.0000
true,"nullity_convergence",64,2804600379,64,64,0,0.000000,1.0000
true,"nullity_convergence",64,703851071,64,63,1,0.015625,1.0000
true,"nullity_convergence",64,2122118801,64,63,1,0.015625,1.0000
true,"nullity_convergence",64,2211147207,64,64,0,0.000000,1.0000
true,"nullity_convergence",64,2371053671,64,63,1,0.015625,1.0000
true,"nullity_convergence",64,2717212073,64,63,1,0.015625,1.0000
true,"nullity_convergence",64,4013394322,64,62,2,0.031250,1.0000
true,"nullity_convergence",64,4211428152,64,64,0,0.000000,1.0000
true,"nullity_convergence",64,3268183908,64,64,0,0.000000,1.0000
true,"nullity_convergence",64,2000672945,64,64,0,0.000000,1.0000
true,"nullity_convergence",64,2539177830,64,64,0,0.000000,1.0000
true,"nullity_convergence",64,2733071822,64,63,1,0.015625,1.0000
true,"nullity_convergence",64,441357869,64,63,1,0.015625,1.0000
true,"nullity_convergence",64,4239329586,64,63,1,0.015625,1.0000
true,"nullity_convergence",64,2987681132,64,64,0,0.000000,1.0000
true,"rank_saturation",8,3226168454,1,1,0,0.000000,0.1000
true,"rank_saturation",8,2908452891,1,1,0,0.000000,0.1000
true,"rank_saturation",8,3456874218,1,1,0,0.000000,0.1000
true,"rank_saturation",8,787113598,1,1,0,0.000000,0.1000
true,"rank_saturation",8,1774765278,1,1,0,0.000000,0.1000
true,"rank_saturation",8,1120177068,1,1,0,0.000000,0.1000
true,"rank_saturation",8,2193327287,1,1,0,0.000000,0.1000
true,"rank_saturation",8,2593149378,1,1,0,0.000000,0.1000
true,"rank_saturation",8,3338456335,1,1,0,0.000000,0.1000
true,"rank_saturation",8,172658062,1,0,1,1.000000,0.1000
true,"rank_saturation",8,3851824037,1,1,0,0.000000,0.1000
true,"rank_saturation",8,3880444518,1,1,0,0.000000,0.1000
true,"rank_saturation",8,1371242629,1,1,0,0.000000,0.1000
true,"rank_saturation",8,883662513,1,1,0,0.000000,0.1000
true,"rank_saturation",8,788348918,1,0,1,1.000000,0.1000
true,"rank_saturation",8,1970992577,1,1,0,0.000000,0.1000
true,"rank_saturation",8,79037212,1,1,0,0.000000,0.1000
true,"rank_saturation",8,218831784,1,1,0,0.000000,0.1000
true,"rank_saturation",8,2141513638,1,1,0,0.000000,0.1000
true,"rank_saturation",8,2264321999,1,1,0,0.000000,0.1000
true,"rank_saturation",8,2433754262,2,2,0,0.000000,0.2000
true,"rank_saturation",8,1548122824,2,2,0,0.000000,0.2000
true,"rank_saturation",8,731495995,2,2,0,0.000000,0.2000
true,"rank_saturation",8,1500139100,2,2,0,0.000000,0.2000
true,"rank_saturation",8,3394344607,2,2,0,0.000000,0.2000
true,"rank_saturation",8,3015144537,2,2,0,0.000000,0.2000
true,"rank_saturation",8,503829645,2,2,0,0.000000,0.2000
true,"rank_saturation",8,731956881,2,2,0,0.000000,0.2000
true,"rank_saturation",8,1997378035,2,2,0,0.000000,0.2000
true,"rank_saturation",8,1367469010,2,2,0,0.000000,0.2000
true,"rank_saturation",8,1744508269,2,1,1,0.500000,0.2000
true,"rank_saturation",8,1380496533,2,2,0,0.000000,0.2000
true,"rank_saturation",8,1060678778,2,1,1,0.500000,0.2000
true,"rank_saturation",8,4261500296,2,2,0,0.000000,0.2000
true,"rank_saturation",8,667157655,2,1,1,0.500000,0.2000
true,"rank_saturation",8,2137536305,2,2,0,0.000000,0.2000
true,"rank_saturation",8,220643537,2,2,0,0.000000,0.2000
true,"rank_saturation",8,3862581652,2,2,0,0.000000,0.2000
true,"rank_saturation",8,336231224,2,2,0,0.000000,0.2000
true,"rank_saturation",8,550179070,2,2,0,0.000000,0.2000
true,"rank_saturation",8,1582732734,4,4,0,0.000000,0.5000
true,"rank_saturation",8,3951515470,4,4,0,0.000000,0.5000
true,"rank_saturation",8,596178341,4,4,0,0.000000,0.5000
true,"rank_saturation",8,4055524204,4,4,0,0.000000,0.5000
true,"rank_saturation",8,3780309201,4,4,0,0.000000,0.5000
true,"rank_saturation",8,483921354,4,4,0,0.000000,0.5000
true,"rank_saturation",8,1763631308,4,4,0,0.000000,0.5000
true,"rank_saturation",8,3776523773,4,3,1,0.250000,0.5000
true,"rank_saturation",8,2665706582,4,4,0,0.000000,0.5000
true,"rank_saturation",8,115157953,4,4,0,0.000000,0.5000
true,"rank_saturation",8,2215684111,4,4,0,0.000000,0.5000
true,"rank_saturation",8,444809497,4,4,0,0.000000,0.5000
true,"rank_saturation",8,39448412,4,4,0,0.000000,0.5000
true,"rank_saturation",8,1362154178,4,3,1,0.250000,0.5000
true,"rank_saturation",8,1605577747,4,4,0,0.000000,0.5000
true,"rank_saturation",8,1502742609,4,4,0,0.000000,0.5000
true,"rank_saturation",8,1020027276,4,4,0,0.000000,0.5000
true,"rank_saturation",8,3428237251,4,4,0,0.000000,0.5000
true,"rank_saturation",8,1721025890,4,3,1,0.250000,0.5000
true,"rank_saturation",8,2229192748,4,4,0,0.000000,0.5000
true,"rank_saturation",8,3741421347,8,7,1,0.125000,1.0000
true,"rank_saturation",8,2137757420,8,8,0,0.000000,1.0000
true,"rank_saturation",8,2287545622,8,7,1,0.125000,1.0000
true,"rank_saturation",8,3036217284,8,6,2,0.250000,1.0000
true,"rank_saturation",8,2504314304,8,8,0,0.000000,1.0000
true,"rank_saturation",8,3969426476,8,7,1,0.125000,1.0000
true,"rank_saturation",8,1961231575,8,7,1,0.125000,1.0000
true,"rank_saturation",8,621206101,8,8,0,0.000000,1.0000
true,"rank_saturation",8,184345413,8,8,0,0.000000,1.0000
true,"rank_saturation",8,278752907,8,7,1,0.125000,1.0000
true,"rank_saturation",8,2106105555,8,7,1,0.125000,1.0000
true,"rank_saturation",8,2982359395,8,7,1,0.125000,1.0000
true,"rank_saturation",8,1791089108,8,8,0,0.000000,1.0000
true,"rank_saturation",8,1595265113,8,7,1,0.125000,1.0000
true,"rank_saturation",8,129666218,8,7,1,0.125000,1.0000
true,"rank_saturation",8,1054540715,8,7,1,0.125000,1.0000
true,"rank_saturation",8,829760063,8,8,0,0.000000,1.0000
true,"rank_saturation",8,3738452421,8,7,1,0.125000,1.0000
true,"rank_saturation",8,2329901638,8,6,2,0.250000,1.0000
true,"rank_saturation",8,1694197468,8,7,1,0.125000,1.0000
true,"rank_saturation",8,2330033904,12,8,4,0.333333,1.5000
true,"rank_saturation",8,318163668,12,7,5,0.416667,1.5000
true,"rank_saturation",8,4088680147,12,8,4,0.333333,1.5000
true,"rank_saturation",8,1262508709,12,8,4,0.333333,1.5000
true,"rank_saturation",8,1334543850,12,8,4,0.333333,1.5000
true,"rank_saturation",8,3164098648,12,8,4,0.333333,1.5000
true,"rank_saturation",8,3084723231,12,8,4,0.333333,1.5000
true,"rank_saturation",8,4102205796,12,8,4,0.333333,1.5000
true,"rank_saturation",8,4007711257,12,8,4,0.333333,1.5000
true,"rank_saturation",8,1001935885,12,8,4,0.333333,1.5000
true,"rank_saturation",8,624824242,12,8,4,0.333333,1.5000
true,"rank_saturation",8,3962757384,12,8,4,0.333333,1.5000
true,"rank_saturation",8,3956312896,12,8,4,0.333333,1.5000
true,"rank_saturation",8,1539967915,12,8,4,0.333333,1.5000
true,"rank_saturation",8,1122085752,12,8,4,0.333333,1.5000
true,"rank_saturation",8,3662392166,12,8,4,0.333333,1.5000
true,"rank_saturation",8,2248571618,12,8,4,0.333333,1.5000
true,"rank_saturation",8,3827778128,12,8,4,0.333333,1.5000
true,"rank_saturation",8,2675017599,12,8,4,0.333333,1.5000
true,"rank_saturation",8,611091221,12,8,4,0.333333,1.5000
true,"rank_saturation",8,4094833477,16,8,8,0.500000,2.0000
true,"rank_saturation",8,2120966489,16,8,8,0.500000,2.0000
true,"rank_saturation",8,1974881272,16,8,8,0.500000,2.0000
true,"rank_saturation",8,4091416333,16,8,8,0.500000,2.0000
true,"rank_saturation",8,2184257700,16,8,8,0.500000,2.0000
true,"rank_saturation",8,2595322646,16,8,8,0.500000,2.0000
true,"rank_saturation",8,1029601028,16,8,8,0.500000,2.0000
true,"rank_saturation",8,2160405731,16,8,8,0.500000,2.0000
true,"rank_saturation",8,1538809343,16,8,8,0.500000,2.0000
true,"rank_saturation",8,2260808494,16,8,8,0.500000,2.0000
true,"rank_saturation",8,884089814,16,8,8,0.500000,2.0000
true,"rank_saturation",8,777436079,16,8,8,0.500000,2.0000
true,"rank_saturation",8,3200221640,16,8,8,0.500000,2.0000
true,"rank_saturation",8,1775738776,16,8,8,0.500000,2.0000
true,"rank_saturation",8,103475167,16,8,8,0.500000,2.0000
true,"rank_saturation",8,4255861924,16,8,8,0.500000,2.0000
true,"rank_saturation",8,1474139422,16,8,8,0.500000,2.0000
true,"rank_saturation",8,416395149,16,8,8,0.500000,2.0000
true,"rank_saturation",8,4136744032,16,8,8,0.500000,2.0000
true,"rank_saturation",8,3037842759,16,8,8,0.500000,2.0000
true,"rank_saturation",8,1312712127,24,8,16,0.666667,3.0000
true,"rank_saturation",8,1611707672,24,8,16,0.666667,3.0000
true,"rank_saturation",8,3253396882,24,8,16,0.666667,3.0000
true,"rank_saturation",8,305290212,24,8,16,0.666667,3.0000
true,"rank_saturation",8,117094532,24,8,16,0.666667,3.0000
true,"rank_saturation",8,22864594,24,8,16,0.666667,3.0000
true,"rank_saturation",8,171557198,24,8,16,0.666667,3.0000
true,"rank_saturation",8,3730354082,24,8,16,0.666667,3.0000
true,"rank_saturation",8,4150201687,24,8,16,0.666667,3.0000
true,"rank_saturation",8,2592219916,24,8,16,0.666667,3.0000
true,"rank_saturation",8,4203111143,24,8,16,0.666667,3.0000
true,"rank_saturation",8,240237279,24,8,16,0.666667,3.0000
true,"rank_saturation",8,31471236,24,8,16,0.666667,3.0000
true,"rank_saturation",8,2103691747,24,8,16,0.666667,3.0000
true,"rank_saturation",8,2091037820,24,8,16,0.666667,3.0000
true,"rank_saturation",8,3645542971,24,8,16,0.666667,3.0000
true,"rank_saturation",8,3886805835,24,8,16,0.666667,3.0000
true,"rank_saturation",8,1686869076,24,8,16,0.666667,3.0000
true,"rank_saturation",8,3947234972,24,8,16,0.666667,3.0000
true,"rank_saturation",8,832278,24,8,16,0.666667,3.0000
true,"rank_saturation",8,3999025836,40,8,32,0.800000,5.0000
true,"rank_saturation",8,1510300013,40,8,32,0.800000,5.0000
true,"rank_saturation",8,3795936494,40,8,32,0.800000,5.0000
true,"rank_saturation",8,34220756,40,8,32,0.800000,5.0000
true,"rank_saturation",8,3421825416,40,8,32,0.800000,5.0000
true,"rank_saturation",8,3363823368,40,8,32,0.800000,5.0000
true,"rank_saturation",8,4236895536,40,8,32,0.800000,5.0000
true,"rank_saturation",8,3530847005,40,8,32,0.800000,5.0000
true,"rank_saturation",8,1687649528,40,8,32,0.800000,5.0000
true,"rank_saturation",8,1242291142,40,8,32,0.800000,5.0000
true,"rank_saturation",8,446599013,40,8,32,0.800000,5.0000
true,"rank_saturation",8,263519073,40,8,32,0.800000,5.0000
true,"rank_saturation",8,411937787,40,8,32,0.800000,5.0000
true,"rank_saturation",8,1090582698,40,8,32,0.800000,5.0000
true,"rank_saturation",8,2589045144,40,8,32,0.800000,5.0000
true,"rank_saturation",8,218670139,40,8,32,0.800000,5.0000
true,"rank_saturation",8,307927646,40,8,32,0.800000,5.0000
true,"rank_saturation",8,3603009036,40,8,32,0.800000,5.0000
true,"rank_saturation",8,1545827516,40,8,32,0.800000,5.0000
true,"rank_saturation",8,2143920104,40,8,32,0.800000,5.0000
true,"rank_saturation",16,3546630074,2,2,0,0.000000,0.1000
true,"rank_saturation",16,4012068378,2,2,0,0.000000,0.1000
true,"rank_saturation",16,2556298518,2,2,0,0.000000,0.1000
true,"rank_saturation",16,1704953515,2,2,0,0.000000,0.1000
true,"rank_saturation",16,3528396263,2,2,0,0.000000,0.1000
true,"rank_saturation",16,2363211164,2,2,0,0.000000,0.1000
true,"rank_saturation",16,215686393,2,2,0,0.000000,0.1000
true,"rank_saturation",16,1499879074,2,2,0,0.000000,0.1000
true,"rank_saturation",16,2108162935,2,2,0,0.000000,0.1000
true,"rank_saturation",16,3949926270,2,1,1,0.500000,0.1000
true,"rank_saturation",16,398608074,2,2,0,0.000000,0.1000
true,"rank_saturation",16,3630931826,2,1,1,0.500000,0.1000
true,"rank_saturation",16,3019936943,2,2,0,0.000000,0.1000
true,"rank_saturation",16,2825452182,2,2,0,0.000000,0.1000
true,"rank_saturation",16,2368573471,2,1,1,0.500000,0.1000
true,"rank_saturation",16,2413420515,2,2,0,0.000000,0.1000
true,"rank_saturation",16,167279796,2,2,0,0.000000,0.1000
true,"rank_saturation",16,2070959508,2,2,0,0.000000,0.1000
true,"rank_saturation",16,2828789802,2,2,0,0.000000,0.1000
true,"rank_saturation",16,681939892,2,2,0,0.000000,0.1000
true,"rank_saturation",16,2807676883,3,3,0,0.000000,0.2000
true,"rank_saturation",16,1521157063,3,3,0,0.000000,0.2000
true,"rank_saturation",16,449484263,3,3,0,0.000000,0.2000
true,"rank_saturation",16,660397317,3,3,0,0.000000,0.2000
true,"rank_saturation",16,2051042323,3,3,0,0.000000,0.2000
true,"rank_saturation",16,1812429866,3,3,0,0.000000,0.2000
true,"rank_saturation",16,1003312164,3,3,0,0.000000,0.2000
true,"rank_saturation",16,2054726057,3,3,0,0.000000,0.2000
true,"rank_saturation",16,2026651378,3,3,0,0.000000,0.2000
true,"rank_saturation",16,2527545683,3,3,0,0.000000,0.2000
true,"rank_saturation",16,2518461334,3,3,0,0.000000,0.2000
true,"rank_saturation",16,2666839109,3,2,1,0.333333,0.2000
true,"rank_saturation",16,849415647,3,2,1,0.333333,0.2000
true,"rank_saturation",16,815517458,3,3,0,0.000000,0.2000
true,"rank_saturation",16,3053570524,3,3,0,0.000000,0.2000
true,"rank_saturation",16,1026163944,3,3,0,0.000000,0.2000
true,"rank_saturation",16,289262346,3,3,0,0.000000,0.2000
true,"rank_saturation",16,640832835,3,3,0,0.000000,0.2000
true,"rank_saturation",16,424700168,3,3,0,0.000000,0.2000
true,"rank_saturation",16,1458268871,3,3,0,0.000000,0.2000
true,"rank_saturation",16,4030213531,8,8,0,0.000000,0.5000
true,"rank_saturation",16,3669524611,8,8,0,0.000000,0.5000
true,"rank_saturation",16,846453515,8,8,0,0.000000,0.5000
true,"rank_saturation",16,597207600,8,8,0,0.000000,0.5000
true,"rank_saturation",16,3916433708,8,7,1,0.125000,0.5000
true,"rank_saturation",16,498350534,8,8,0,0.000000,0.5000
true,"rank_saturation",16,3710241761,8,8,0,0.000000,0.5000
true,"rank_saturation",16,2936622383,8,8,0,0.000000,0.5000
true,"rank_saturation",16,780018979,8,8,0,0.000000,0.5000
true,"rank_saturation",16,3318997523,8,7,1,0.125000,0.5000
true,"rank_saturation",16,3959884701,8,8,0,0.000000,0.5000
true,"rank_saturation",16,2919084195,8,8,0,0.000000,0.5000
true,"rank_saturation",16,3339442375,8,7,1,0.125000,0.5000
true,"rank_saturation",16,4280506993,8,7,1,0.125000,0.5000
true,"rank_saturation",16,4190497785,8,8,0,0.000000,0.5000
true,"rank_saturation",16,3432331636,8,8,0,0.000000,0.5000
true,"rank_saturation",16,12808145,8,8,0,0.000000,0.5000
true,"rank_saturation",16,3292487649,8,8,0,0.000000,0.5000
true,"rank_saturation",16,2728538557,8,8,0,0.000000,0.5000
true,"rank_saturation",16,2059546167,8,8,0,0.000000,0.5000
true,"rank_saturation",16,4285720969,16,14,2,0.125000,1.0000
true,"rank_saturation",16,3907597269,16,15,1,0.062500,1.0000
true,"rank_saturation",16,2096445117,16,16,0,0.000000,1.0000
true,"rank_saturation",16,778967204,16,14,2,0.125000,1.0000
true,"rank_saturation",16,209449822,16,14,2,0.125000,1.0000
true,"rank_saturation",16,420380003,16,16,0,0.000000,1.0000
true,"rank_saturation",16,4280805490,16,14,2,0.125000,1.0000
true,"rank_saturation",16,724086687,16,15,1,0.062500,1.0000
true,"rank_saturation",16,4205252338,16,16,0,0.000000,1.0000
true,"rank_saturation",16,2254970445,16,15,1,0.062500,1.0000
true,"rank_saturation",16,3165264308,16,14,2,0.125000,1.0000
true,"rank_saturation",16,4060694160,16,16,0,0.000000,1.0000
true,"rank_saturation",16,1314223789,16,15,1,0.062500,1.0000
true,"rank_saturation",16,3545297019,16,16,0,0.000000,1.0000
true,"rank_saturation",16,1042679749,16,15,1,0.062500,1.0000
true,"rank_saturation",16,692598485,16,16,0,0.000000,1.0000
true,"rank_saturation",16,1859032469,16,15,1,0.062500,1.0000
true,"rank_saturation",16,567396626,16,16,0,0.000000,1.0000
true,"rank_saturation",16,1833824825,16,15,1,0.062500,1.0000
true,"rank_saturation",16,3745235989,16,15,1,0.062500,1.0000
true,"rank_saturation",16,3848160210,24,16,8,0.333333,1.5000
true,"rank_saturation",16,13047050,24,16,8,0.333333,1.5000
true,"rank_saturation",16,2131563288,24,16,8,0.333333,1.5000
true,"rank_saturation",16,2968888056,24,16,8,0.333333,1.5000
true,"rank_saturation",16,2401544700,24,16,8,0.333333,1.5000
true,"rank_saturation",16,1187646215,24,16,8,0.333333,1.5000
true,"rank_saturation",16,3062509948,24,16,8,0.333333,1.5000
true,"rank_saturation",16,2969107910,24,16,8,0.333333,1.5000
true,"rank_saturation",16,1729336882,24,16,8,0.333333,1.5000
true,"rank_saturation",16,3987633275,24,16,8,0.333333,1.5000
true,"rank_saturation",16,2690143871,24,16,8,0.333333,1.5000
true,"rank_saturation",16,1460725847,24,16,8,0.333333,1.5000
true,"rank_saturation",16,954602753,24,16,8,0.333333,1.5000
true,"rank_saturation",16,3428808519,24,16,8,0.333333,1.5000
true,"rank_saturation",16,1465119989,24,16,8,0.333333,1.5000
true,"rank_saturation",16,1724788870,24,16,8,0.333333,1.5000
true,"rank_saturation",16,1356368964,24,16,8,0.333333,1.5000
true,"rank_saturation",16,240299777,24,16,8,0.333333,1.5000
true,"rank_saturation",16,1691027756,24,16,8,0.333333,1.5000
true,"rank_saturation",16,1234694437,24,16,8,0.333333,1.5000
true,"rank_saturation",16,1921769570,32,16,16,0.500000,2.0000
true,"rank_saturation",16,3373812932,32,16,16,0.500000,2.0000
true,"rank_saturation",16,494408697,32,16,16,0.500000,2.0000
true,"rank_saturation",16,20873084,32,16,16,0.500000,2.0000
true,"rank_saturation",16,744362307,32,16,16,0.500000,2.0000
true,"rank_saturation",16,65658185,32,16,16,0.500000,2.0000
true,"rank_saturation",16,4239530987,32,16,16,0.500000,2.0000
true,"rank_saturation",16,1252311235,32,16,16,0.500000,2.0000
true,"rank_saturation",16,2158442101,32,16,16,0.500000,2.0000
true,"rank_saturation",16,118154780,32,16,16,0.500000,2.0000
true,"rank_saturation",16,1228324347,32,16,16,0.500000,2.0000
true,"rank_saturation",16,3203552395,32,16,16,0.500000,2.0000
true,"rank_saturation",16,3369555774,32,16,16,0.500000,2.0000
true,"rank_saturation",16,4108202682,32,16,16,0.500000,2.0000
true,"rank_saturation",16,519924940,32,16,16,0.500000,2.0000
true,"rank_saturation",16,283439446,32,16,16,0.500000,2.0000
true,"rank_saturation",16,2304576377,32,16,16,0.500000,2.0000
true,"rank_saturation",16,3316399476,32,16,16,0.500000,2.0000
true,"rank_saturation",16,3784072468,32,16,16,0.500000,2.0000
true,"rank_saturation",16,3840451872,32,16,16,0.500000,2.0000
true,"rank_saturation",16,2701863944,48,16,32,0.666667,3.0000
true,"rank_saturation",16,1583656779,48,16,32,0.666667,3.0000
true,"rank_saturation",16,1931151367,48,16,32,0.666667,3.0000
true,"rank_saturation",16,3914472593,48,16,32,0.666667,3.0000
true,"rank_saturation",16,1887194407,48,16,32,0.666667,3.0000
true,"rank_saturation",16,1332543067,48,16,32,0.666667,3.0000
true,"rank_saturation",16,3358107849,48,16,32,0.666667,3.0000
true,"rank_saturation",16,295355674,48,16,32,0.666667,3.0000
true,"rank_saturation",16,3353947887,48,16,32,0.666667,3.0000
true,"rank_saturation",16,1834500276,48,16,32,0.666667,3.0000
true,"rank_saturation",16,2093519473,48,16,32,0.666667,3.0000
true,"rank_saturation",16,3146221749,48,16,32,0.666667,3.0000
true,"rank_saturation",16,2521489882,48,16,32,0.666667,3.0000
true,"rank_saturation",16,1970885120,48,16,32,0.666667,3.0000
true,"rank_saturation",16,294824117,48,16,32,0.666667,3.0000
true,"rank_saturation",16,1140373509,48,16,32,0.666667,3.0000
true,"rank_saturation",16,3996676055,48,16,32,0.666667,3.0000
true,"rank_saturation",16,2384652688,48,16,32,0.666667,3.0000
true,"rank_saturation",16,3776893270,48,16,32,0.666667,3.0000
true,"rank_saturation",16,3183755421,48,16,32,0.666667,3.0000
true,"rank_saturation",16,98401907,80,16,64,0.800000,5.0000
true,"rank_saturation",16,4107599829,80,16,64,0.800000,5.0000
true,"rank_saturation",16,3485701819,80,16,64,0.800000,5.0000
true,"rank_saturation",16,1026843604,80,16,64,0.800000,5.0000
true,"rank_saturation",16,301763107,80,16,64,0.800000,5.0000
true,"rank_saturation",16,72675422,80,16,64,0.800000,5.0000
true,"rank_saturation",16,2389874322,80,16,64,0.800000,5.0000
true,"rank_saturation",16,2474520873,80,16,64,0.800000,5.0000
true,"rank_saturation",16,62536103,80,16,64,0.800000,5.0000
true,"rank_saturation",16,1136073564,80,16,64,0.800000,5.0000
true,"rank_saturation",16,1134125474,80,16,64,0.800000,5.0000
true,"rank_saturation",16,513822211,80,16,64,0.800000,5.0000
true,"rank_saturation",16,2219873899,80,16,64,0.800000,5.0000
true,"rank_saturation",16,3253598896,80,16,64,0.800000,5.0000
true,"rank_saturation",16,482233041,80,16,64,0.800000,5.0000
true,"rank_saturation",16,501873399,80,16,64,0.800000,5.0000
true,"rank_saturation",16,1591973389,80,16,64,0.800000,5.0000
true,"rank_saturation",16,4068227324,80,16,64,0.800000,5.0000
true,"rank_saturation",16,3123497653,80,16,64,0.800000,5.0000
true,"rank_saturation",16,3562974056,80,16,64,0.800000,5.0000
true,"rank_saturation",32,3502329611,3,3,0,0.000000,0.1000
true,"rank_saturation",32,3387684095,3,3,0,0.000000,0.1000
true,"rank_saturation",32,933368293,3,3,0,0.000000,0.1000
true,"rank_saturation",32,2364841773,3,3,0,0.000000,0.1000
true,"rank_saturation",32,3948836375,3,3,0,0.000000,0.1000
true,"rank_saturation",32,1484397910,3,3,0,0.000000,0.1000
true,"rank_saturation",32,139389169,3,3,0,0.000000,0.1000
true,"rank_saturation",32,3346715044,3,3,0,0.000000,0.1000
true,"rank_saturation",32,4237462214,3,3,0,0.000000,0.1000
true,"rank_saturation",32,1052483073,3,3,0,0.000000,0.1000
true,"rank_saturation",32,3571575957,3,3,0,0.000000,0.1000
true,"rank_saturation",32,2529800615,3,3,0,0.000000,0.1000
true,"rank_saturation",32,2753208242,3,2,1,0.333333,0.1000
true,"rank_saturation",32,824335227,3,3,0,0.000000,0.1000
true,"rank_saturation",32,3472777139,3,2,1,0.333333,0.1000
true,"rank_saturation",32,750095521,3,3,0,0.000000,0.1000
true,"rank_saturation",32,4106677129,3,3,0,0.000000,0.1000
true,"rank_saturation",32,144625276,3,3,0,0.000000,0.1000
true,"rank_saturation",32,2618693200,3,3,0,0.000000,0.1000
true,"rank_saturation",32,2382169219,3,3,0,0.000000,0.1000
true,"rank_saturation",32,4107993814,6,6,0,0.000000,0.2000
true,"rank_saturation",32,2231603673,6,6,0,0.000000,0.2000
true,"rank_saturation",32,2613843865,6,6,0,0.000000,0.2000
true,"rank_saturation",32,2489713203,6,6,0,0.000000,0.2000
true,"rank_saturation",32,3173531998,6,6,0,0.000000,0.2000
true,"rank_saturation",32,270306105,6,6,0,0.000000,0.2000
true,"rank_saturation",32,2368653688,6,6,0,0.000000,0.2000
true,"rank_saturation",32,2320795250,6,6,0,0.000000,0.2000
true,"rank_saturation",32,953038324,6,6,0,0.000000,0.2000
true,"rank_saturation",32,123198982,6,6,0,0.000000,0.2000
true,"rank_saturation",32,3124923030,6,6,0,0.000000,0.2000
true,"rank_saturation",32,3320617572,6,5,1,0.166667,0.2000
true,"rank_saturation",32,808422908,6,6,0,0.000000,0.2000
true,"rank_saturation",32,667073266,6,5,1,0.166667,0.2000
true,"rank_saturation",32,283739249,6,6,0,0.000000,0.2000
true,"rank_saturation",32,2789104757,6,6,0,0.000000,0.2000
true,"rank_saturation",32,3622212521,6,6,0,0.000000,0.2000
true,"rank_saturation",32,369077794,6,6,0,0.000000,0.2000
true,"rank_saturation",32,2359918732,6,6,0,0.000000,0.2000
true,"rank_saturation",32,1876182703,6,6,0,0.000000,0.2000
true,"rank_saturation",32,2800264197,16,16,0,0.000000,0.5000
true,"rank_saturation",32,1136986147,16,16,0,0.000000,0.5000
true,"rank_saturation",32,469567134,16,16,0,0.000000,0.5000
true,"rank_saturation",32,3382791288,16,16,0,0.000000,0.5000
true,"rank_saturation",32,3797316113,16,16,0,0.000000,0.5000
true,"rank_saturation",32,482102544,16,15,1,0.062500,0.5000
true,"rank_saturation",32,1367898162,16,16,0,0.000000,0.5000
true,"rank_saturation",32,628870754,16,16,0,0.000000,0.5000
true,"rank_saturation",32,2996846434,16,16,0,0.000000,0.5000
true,"rank_saturation",32,2670797893,16,16,0,0.000000,0.5000
true,"rank_saturation",32,2619338651,16,16,0,0.000000,0.5000
true,"rank_saturation",32,584363187,16,16,0,0.000000,0.5000
true,"rank_saturation",32,4104802741,16,15,1,0.062500,0.5000
true,"rank_saturation",32,2207683589,16,15,1,0.062500,0.5000
true,"rank_saturation",32,3109948238,16,16,0,0.000000,0.5000
true,"rank_saturation",32,1858778670,16,16,0,0.000000,0.5000
true,"rank_saturation",32,3370563099,16,16,0,0.000000,0.5000
true,"rank_saturation",32,2091789434,16,16,0,0.000000,0.5000
true,"rank_saturation",32,2195217036,16,16,0,0.000000,0.5000
true,"rank_saturation",32,917509134,16,16,0,0.000000,0.5000
true,"rank_saturation",32,3214952547,32,31,1,0.031250,1.0000
true,"rank_saturation",32,3969229964,32,31,1,0.031250,1.0000
true,"rank_saturation",32,1923796691,32,31,1,0.031250,1.0000
true,"rank_saturation",32,1963732098,32,30,2,0.062500,1.0000
true,"rank_saturation",32,3589507087,32,31,1,0.031250,1.0000
true,"rank_saturation",32,522620322,32,31,1,0.031250,1.0000
true,"rank_saturation",32,3770619786,32,31,1,0.031250,1.0000
true,"rank_saturation",32,1195161039,32,31,1,0.031250,1.0000
true,"rank_saturation",32,1168781553,32,32,0,0.000000,1.0000
true,"rank_saturation",32,1506531804,32,31,1,0.031250,1.0000
true,"rank_saturation",32,3181485223,32,31,1,0.031250,1.0000
true,"rank_saturation",32,1768129333,32,31,1,0.031250,1.0000
true,"rank_saturation",32,1736928978,32,32,0,0.000000,1.0000
true,"rank_saturation",32,964237357,32,31,1,0.031250,1.0000
true,"rank_saturation",32,175328363,32,31,1,0.031250,1.0000
true,"rank_saturation",32,3558674588,32,31,1,0.031250,1.0000
true,"rank_saturation",32,4140670678,32,32,0,0.000000,1.0000
true,"rank_saturation",32,2976094852,32,31,1,0.031250,1.0000
true,"rank_saturation",32,1196297169,32,30,2,0.062500,1.0000
true,"rank_saturation",32,3174717933,32,31,1,0.031250,1.0000
true,"rank_saturation",32,3453196684,48,32,16,0.333333,1.5000
true,"rank_saturation",32,1899928134,48,32,16,0.333333,1.5000
true,"rank_saturation",32,4291005964,48,32,16,0.333333,1.5000
true,"rank_saturation",32,433610055,48,32,16,0.333333,1.5000
true,"rank_saturation",32,3993074792,48,32,16,0.333333,1.5000
true,"rank_saturation",32,3656481196,48,32,16,0.333333,1.5000
true,"rank_saturation",32,971816655,48,32,16,0.333333,1.5000
true,"rank_saturation",32,2174465914,48,32,16,0.333333,1.5000
true,"rank_saturation",32,433136691,48,32,16,0.333333,1.5000
true,"rank_saturation",32,3565941555,48,32,16,0.333333,1.5000
true,"rank_saturation",32,3940068017,48,32,16,0.333333,1.5000
true,"rank_saturation",32,690233077,48,32,16,0.333333,1.5000
true,"rank_saturation",32,193580279,48,32,16,0.333333,1.5000
true,"rank_saturation",32,470662030,48,32,16,0.333333,1.5000
true,"rank_saturation",32,2666703216,48,32,16,0.333333,1.5000
true,"rank_saturation",32,743389703,48,32,16,0.333333,1.5000
true,"rank_saturation",32,790037993,48,32,16,0.333333,1.5000
true,"rank_saturation",32,3968713477,48,32,16,0.333333,1.5000
true,"rank_saturation",32,2333493455,48,32,16,0.333333,1.5000
true,"rank_saturation",32,44215941,48,32,16,0.333333,1.5000
true,"rank_saturation",32,1507064058,64,32,32,0.500000,2.0000
true,"rank_saturation",32,1743001974,64,32,32,0.500000,2.0000
true,"rank_saturation",32,2304376415,64,32,32,0.500000,2.0000
true,"rank_saturation",32,4140165957,64,32,32,0.500000,2.0000
true,"rank_saturation",32,3685688321,64,32,32,0.500000,2.0000
true,"rank_saturation",32,4249846117,64,32,32,0.500000,2.0000
true,"rank_saturation",32,3175213294,64,32,32,0.500000,2.0000
true,"rank_saturation",32,863341232,64,32,32,0.500000,2.0000
true,"rank_saturation",32,2576257719,64,32,32,0.500000,2.0000
true,"rank_saturation",32,1315060860,64,32,32,0.500000,2.0000
true,"rank_saturation",32,2410788075,64,32,32,0.500000,2.0000
true,"rank_saturation",32,193550099,64,32,32,0.500000,2.0000
true,"rank_saturation",32,201966007,64,32,32,0.500000,2.0000
true,"rank_saturation",32,1879843496,64,32,32,0.500000,2.0000
true,"rank_saturation",32,2235358703,64,32,32,0.500000,2.0000
true,"rank_saturation",32,2038041674,64,32,32,0.500000,2.0000
true,"rank_saturation",32,1075470798,64,32,32,0.500000,2.0000
true,"rank_saturation",32,331719148,64,32,32,0.500000,2.0000
true,"rank_saturation",32,1532103095,64,32,32,0.500000,2.0000
true,"rank_saturation",32,2986232762,64,32,32,0.500000,2.0000
true,"rank_saturation",32,496409560,96,32,64,0.666667,3.0000
true,"rank_saturation",32,2097872305,96,32,64,0.666667,3.0000
true,"rank_saturation",32,4289992759,96,32,64,0.666667,3.0000
true,"rank_saturation",32,967056177,96,32,64,0.666667,3.0000
true,"rank_saturation",32,2806572343,96,32,64,0.666667,3.0000
true,"rank_saturation",32,819774807,96,32,64,0.666667,3.0000
true,"rank_saturation",32,1154138533,96,32,64,0.666667,3.0000
true,"rank_saturation",32,1017411926,96,32,64,0.666667,3.0000
true,"rank_saturation",32,2973612963,96,32,64,0.666667,3.0000
true,"rank_saturation",32,1380350314,96,32,64,0.666667,3.0000
true,"rank_saturation",32,2797819335,96,32,64,0.666667,3.0000
true,"rank_saturation",32,677725072,96,32,64,0.666667,3.0000
true,"rank_saturation",32,3585385086,96,32,64,0.666667,3.0000
true,"rank_saturation",32,2385127666,96,32,64,0.666667,3.0000
true,"rank_saturation",32,2231432001,96,32,64,0.666667,3.0000
true,"rank_saturation",32,2423467721,96,32,64,0.666667,3.0000
true,"rank_saturation",32,1277081405,96,32,64,0.666667,3.0000
true,"rank_saturation",32,1184741560,96,32,64,0.666667,3.0000
true,"rank_saturation",32,2946517100,96,32,64,0.666667,3.0000
true,"rank_saturation",32,3660896325,96,32,64,0.666667,3.0000
true,"rank_saturation",32,2140443122,160,32,128,0.800000,5.0000
true,"rank_saturation",32,1366289796,160,32,128,0.800000,5.0000
true,"rank_saturation",32,4017661050,160,32,128,0.800000,5.0000
true,"rank_saturation",32,1254674915,160,32,128,0.800000,5.0000
true,"rank_saturation",32,2703564951,160,32,128,0.800000,5.0000
true,"rank_saturation",32,2168117085,160,32,128,0.800000,5.0000
true,"rank_saturation",32,3276695612,160,32,128,0.800000,5.0000
true,"rank_saturation",32,819174659,160,32,128,0.800000,5.0000
true,"rank_saturation",32,224995603,160,32,128,0.800000,5.0000
true,"rank_saturation",32,2395108242,160,32,128,0.800000,5.0000
true,"rank_saturation",32,3398071776,160,32,128,0.800000,5.0000
true,"rank_saturation",32,479728760,160,32,128,0.800000,5.0000
true,"rank_saturation",32,3125705557,160,32,128,0.800000,5.0000
true,"rank_saturation",32,2524733049,160,32,128,0.800000,5.0000
true,"rank_saturation",32,3321125722,160,32,128,0.800000,5.0000
true,"rank_saturation",32,2701478396,160,32,128,0.800000,5.0000
true,"rank_saturation",32,3595880672,160,32,128,0.800000,5.0000
true,"rank_saturation",32,1760230931,160,32,128,0.800000,5.0000
true,"rank_saturation",32,2707773212,160,32,128,0.800000,5.0000
true,"rank_saturation",32,66143739,160,32,128,0.800000,5.0000
